============================= test session starts =============================
platform win32 -- Python 3.12.14, pytest-9.1.1, pluggy-1.6.0
rootdir: C:\Users\Chooo\Playground\Karajan\.cache\review-output-parser
configfile: pyproject.toml
plugins: anyio-4.15.1
collected 168 items

tests\candidates\test_review_output.py ................................. [ 19%]
.....FFFFFFFFFFFFFFFFFFFFFFFFFFFFFFFFFFFFFFFFFFFFFFFFFFFFFFFFFFFFFFFFFFF [ 62%]
FFFFFFFFFFFFFFFFFFFFFFFFFFFFFFFFFFFFFFFFFFFFFFFFFFF..FFFFF....F          [100%]

================================== FAILURES ===================================
______________ test_requires_exact_top_and_finding_shapes[None] _______________

document = None

    @pytest.mark.parametrize(
        "document",
        [
            None, [], True, 1, "text", {}, {"verdict": "pass"}, {"findings": []},
            {"verdict": "pass", "findings": [], "summary": "x"},
            {"verdict": "pass", "findings": None},
            {"verdict": "pass", "findings": {}},
            {"verdict": "pass", "findings": "[]"},
            {"verdict": None, "findings": []},
            {"verdict": {}, "findings": []},
            {"verdict": 1, "findings": []},
            {"verdict": "pass", "findings": [None]},
            {"verdict": "pass", "findings": [[]]},
            {"verdict": "pass", "findings": [1]},
        ],
    )
    def test_requires_exact_top_and_finding_shapes(document: Any) -> None:
>       rejected(json.dumps(document), "SCHEMA_INVALID")

tests\candidates\test_review_output.py:130: 
_ _ _ _ _ _ _ _ _ _ _ _ _ _ _ _ _ _ _ _ _ _ _ _ _ _ _ _ _ _ _ _ _ _ _ _ _ _ _ _
tests\candidates\test_review_output.py:52: in rejected
    parse(content, **scope)
tests\candidates\test_review_output.py:44: in parse
    return parse_review_output(
_ _ _ _ _ _ _ _ _ _ _ _ _ _ _ _ _ _ _ _ _ _ _ _ _ _ _ _ _ _ _ _ _ _ _ _ _ _ _ _

content = 'null', allowed_files = frozenset({'src/export.py'})
allowed_acceptance_refs = frozenset({'acceptance:csv-v1'})

    def parse_review_output(
        content: str | bytes,
        *,
        allowed_files: frozenset[str],
        allowed_acceptance_refs: frozenset[str],
    ) -> ParsedReviewOutput:
        document = _decode(content)
        return ParsedReviewOutput.model_validate(
            {
                "verdict": {
                    "pass": "passed",
                    "changes_requested": "failed",
                    "inconclusive": "inconclusive",
>               }[document["verdict"]],
                  ^^^^^^^^^^^^^^^^^^^
                "findings": document["findings"],
            }
        )
E       TypeError: 'NoneType' object is not subscriptable

backend\karajan\candidates\review_output.py:121: TypeError
____________ test_requires_exact_top_and_finding_shapes[document1] ____________

document = []

    @pytest.mark.parametrize(
        "document",
        [
            None, [], True, 1, "text", {}, {"verdict": "pass"}, {"findings": []},
            {"verdict": "pass", "findings": [], "summary": "x"},
            {"verdict": "pass", "findings": None},
            {"verdict": "pass", "findings": {}},
            {"verdict": "pass", "findings": "[]"},
            {"verdict": None, "findings": []},
            {"verdict": {}, "findings": []},
            {"verdict": 1, "findings": []},
            {"verdict": "pass", "findings": [None]},
            {"verdict": "pass", "findings": [[]]},
            {"verdict": "pass", "findings": [1]},
        ],
    )
    def test_requires_exact_top_and_finding_shapes(document: Any) -> None:
>       rejected(json.dumps(document), "SCHEMA_INVALID")

tests\candidates\test_review_output.py:130: 
_ _ _ _ _ _ _ _ _ _ _ _ _ _ _ _ _ _ _ _ _ _ _ _ _ _ _ _ _ _ _ _ _ _ _ _ _ _ _ _
tests\candidates\test_review_output.py:52: in rejected
    parse(content, **scope)
tests\candidates\test_review_output.py:44: in parse
    return parse_review_output(
_ _ _ _ _ _ _ _ _ _ _ _ _ _ _ _ _ _ _ _ _ _ _ _ _ _ _ _ _ _ _ _ _ _ _ _ _ _ _ _

content = '[]', allowed_files = frozenset({'src/export.py'})
allowed_acceptance_refs = frozenset({'acceptance:csv-v1'})

    def parse_review_output(
        content: str | bytes,
        *,
        allowed_files: frozenset[str],
        allowed_acceptance_refs: frozenset[str],
    ) -> ParsedReviewOutput:
        document = _decode(content)
        return ParsedReviewOutput.model_validate(
            {
                "verdict": {
                    "pass": "passed",
                    "changes_requested": "failed",
                    "inconclusive": "inconclusive",
>               }[document["verdict"]],
                  ^^^^^^^^^^^^^^^^^^^
                "findings": document["findings"],
            }
        )
E       TypeError: list indices must be integers or slices, not str

backend\karajan\candidates\review_output.py:121: TypeError
______________ test_requires_exact_top_and_finding_shapes[True] _______________

document = True

    @pytest.mark.parametrize(
        "document",
        [
            None, [], True, 1, "text", {}, {"verdict": "pass"}, {"findings": []},
            {"verdict": "pass", "findings": [], "summary": "x"},
            {"verdict": "pass", "findings": None},
            {"verdict": "pass", "findings": {}},
            {"verdict": "pass", "findings": "[]"},
            {"verdict": None, "findings": []},
            {"verdict": {}, "findings": []},
            {"verdict": 1, "findings": []},
            {"verdict": "pass", "findings": [None]},
            {"verdict": "pass", "findings": [[]]},
            {"verdict": "pass", "findings": [1]},
        ],
    )
    def test_requires_exact_top_and_finding_shapes(document: Any) -> None:
>       rejected(json.dumps(document), "SCHEMA_INVALID")

tests\candidates\test_review_output.py:130: 
_ _ _ _ _ _ _ _ _ _ _ _ _ _ _ _ _ _ _ _ _ _ _ _ _ _ _ _ _ _ _ _ _ _ _ _ _ _ _ _
tests\candidates\test_review_output.py:52: in rejected
    parse(content, **scope)
tests\candidates\test_review_output.py:44: in parse
    return parse_review_output(
_ _ _ _ _ _ _ _ _ _ _ _ _ _ _ _ _ _ _ _ _ _ _ _ _ _ _ _ _ _ _ _ _ _ _ _ _ _ _ _

content = 'true', allowed_files = frozenset({'src/export.py'})
allowed_acceptance_refs = frozenset({'acceptance:csv-v1'})

    def parse_review_output(
        content: str | bytes,
        *,
        allowed_files: frozenset[str],
        allowed_acceptance_refs: frozenset[str],
    ) -> ParsedReviewOutput:
        document = _decode(content)
        return ParsedReviewOutput.model_validate(
            {
                "verdict": {
                    "pass": "passed",
                    "changes_requested": "failed",
                    "inconclusive": "inconclusive",
>               }[document["verdict"]],
                  ^^^^^^^^^^^^^^^^^^^
                "findings": document["findings"],
            }
        )
E       TypeError: 'bool' object is not subscriptable

backend\karajan\candidates\review_output.py:121: TypeError
________________ test_requires_exact_top_and_finding_shapes[1] ________________

document = 1

    @pytest.mark.parametrize(
        "document",
        [
            None, [], True, 1, "text", {}, {"verdict": "pass"}, {"findings": []},
            {"verdict": "pass", "findings": [], "summary": "x"},
            {"verdict": "pass", "findings": None},
            {"verdict": "pass", "findings": {}},
            {"verdict": "pass", "findings": "[]"},
            {"verdict": None, "findings": []},
            {"verdict": {}, "findings": []},
            {"verdict": 1, "findings": []},
            {"verdict": "pass", "findings": [None]},
            {"verdict": "pass", "findings": [[]]},
            {"verdict": "pass", "findings": [1]},
        ],
    )
    def test_requires_exact_top_and_finding_shapes(document: Any) -> None:
>       rejected(json.dumps(document), "SCHEMA_INVALID")

tests\candidates\test_review_output.py:130: 
_ _ _ _ _ _ _ _ _ _ _ _ _ _ _ _ _ _ _ _ _ _ _ _ _ _ _ _ _ _ _ _ _ _ _ _ _ _ _ _
tests\candidates\test_review_output.py:52: in rejected
    parse(content, **scope)
tests\candidates\test_review_output.py:44: in parse
    return parse_review_output(
_ _ _ _ _ _ _ _ _ _ _ _ _ _ _ _ _ _ _ _ _ _ _ _ _ _ _ _ _ _ _ _ _ _ _ _ _ _ _ _

content = '1', allowed_files = frozenset({'src/export.py'})
allowed_acceptance_refs = frozenset({'acceptance:csv-v1'})

    def parse_review_output(
        content: str | bytes,
        *,
        allowed_files: frozenset[str],
        allowed_acceptance_refs: frozenset[str],
    ) -> ParsedReviewOutput:
        document = _decode(content)
        return ParsedReviewOutput.model_validate(
            {
                "verdict": {
                    "pass": "passed",
                    "changes_requested": "failed",
                    "inconclusive": "inconclusive",
>               }[document["verdict"]],
                  ^^^^^^^^^^^^^^^^^^^
                "findings": document["findings"],
            }
        )
E       TypeError: 'int' object is not subscriptable

backend\karajan\candidates\review_output.py:121: TypeError
______________ test_requires_exact_top_and_finding_shapes[text] _______________

document = 'text'

    @pytest.mark.parametrize(
        "document",
        [
            None, [], True, 1, "text", {}, {"verdict": "pass"}, {"findings": []},
            {"verdict": "pass", "findings": [], "summary": "x"},
            {"verdict": "pass", "findings": None},
            {"verdict": "pass", "findings": {}},
            {"verdict": "pass", "findings": "[]"},
            {"verdict": None, "findings": []},
            {"verdict": {}, "findings": []},
            {"verdict": 1, "findings": []},
            {"verdict": "pass", "findings": [None]},
            {"verdict": "pass", "findings": [[]]},
            {"verdict": "pass", "findings": [1]},
        ],
    )
    def test_requires_exact_top_and_finding_shapes(document: Any) -> None:
>       rejected(json.dumps(document), "SCHEMA_INVALID")

tests\candidates\test_review_output.py:130: 
_ _ _ _ _ _ _ _ _ _ _ _ _ _ _ _ _ _ _ _ _ _ _ _ _ _ _ _ _ _ _ _ _ _ _ _ _ _ _ _
tests\candidates\test_review_output.py:52: in rejected
    parse(content, **scope)
tests\candidates\test_review_output.py:44: in parse
    return parse_review_output(
_ _ _ _ _ _ _ _ _ _ _ _ _ _ _ _ _ _ _ _ _ _ _ _ _ _ _ _ _ _ _ _ _ _ _ _ _ _ _ _

content = '"text"', allowed_files = frozenset({'src/export.py'})
allowed_acceptance_refs = frozenset({'acceptance:csv-v1'})

    def parse_review_output(
        content: str | bytes,
        *,
        allowed_files: frozenset[str],
        allowed_acceptance_refs: frozenset[str],
    ) -> ParsedReviewOutput:
        document = _decode(content)
        return ParsedReviewOutput.model_validate(
            {
                "verdict": {
                    "pass": "passed",
                    "changes_requested": "failed",
                    "inconclusive": "inconclusive",
>               }[document["verdict"]],
                  ^^^^^^^^^^^^^^^^^^^
                "findings": document["findings"],
            }
        )
E       TypeError: string indices must be integers, not 'str'

backend\karajan\candidates\review_output.py:121: TypeError
____________ test_requires_exact_top_and_finding_shapes[document5] ____________

document = {}

    @pytest.mark.parametrize(
        "document",
        [
            None, [], True, 1, "text", {}, {"verdict": "pass"}, {"findings": []},
            {"verdict": "pass", "findings": [], "summary": "x"},
            {"verdict": "pass", "findings": None},
            {"verdict": "pass", "findings": {}},
            {"verdict": "pass", "findings": "[]"},
            {"verdict": None, "findings": []},
            {"verdict": {}, "findings": []},
            {"verdict": 1, "findings": []},
            {"verdict": "pass", "findings": [None]},
            {"verdict": "pass", "findings": [[]]},
            {"verdict": "pass", "findings": [1]},
        ],
    )
    def test_requires_exact_top_and_finding_shapes(document: Any) -> None:
>       rejected(json.dumps(document), "SCHEMA_INVALID")

tests\candidates\test_review_output.py:130: 
_ _ _ _ _ _ _ _ _ _ _ _ _ _ _ _ _ _ _ _ _ _ _ _ _ _ _ _ _ _ _ _ _ _ _ _ _ _ _ _
tests\candidates\test_review_output.py:52: in rejected
    parse(content, **scope)
tests\candidates\test_review_output.py:44: in parse
    return parse_review_output(
_ _ _ _ _ _ _ _ _ _ _ _ _ _ _ _ _ _ _ _ _ _ _ _ _ _ _ _ _ _ _ _ _ _ _ _ _ _ _ _

content = '{}', allowed_files = frozenset({'src/export.py'})
allowed_acceptance_refs = frozenset({'acceptance:csv-v1'})

    def parse_review_output(
        content: str | bytes,
        *,
        allowed_files: frozenset[str],
        allowed_acceptance_refs: frozenset[str],
    ) -> ParsedReviewOutput:
        document = _decode(content)
        return ParsedReviewOutput.model_validate(
            {
                "verdict": {
                    "pass": "passed",
                    "changes_requested": "failed",
                    "inconclusive": "inconclusive",
>               }[document["verdict"]],
                  ^^^^^^^^^^^^^^^^^^^
                "findings": document["findings"],
            }
        )
E       KeyError: 'verdict'

backend\karajan\candidates\review_output.py:121: KeyError
____________ test_requires_exact_top_and_finding_shapes[document6] ____________

document = {'verdict': 'pass'}

    @pytest.mark.parametrize(
        "document",
        [
            None, [], True, 1, "text", {}, {"verdict": "pass"}, {"findings": []},
            {"verdict": "pass", "findings": [], "summary": "x"},
            {"verdict": "pass", "findings": None},
            {"verdict": "pass", "findings": {}},
            {"verdict": "pass", "findings": "[]"},
            {"verdict": None, "findings": []},
            {"verdict": {}, "findings": []},
            {"verdict": 1, "findings": []},
            {"verdict": "pass", "findings": [None]},
            {"verdict": "pass", "findings": [[]]},
            {"verdict": "pass", "findings": [1]},
        ],
    )
    def test_requires_exact_top_and_finding_shapes(document: Any) -> None:
>       rejected(json.dumps(document), "SCHEMA_INVALID")

tests\candidates\test_review_output.py:130: 
_ _ _ _ _ _ _ _ _ _ _ _ _ _ _ _ _ _ _ _ _ _ _ _ _ _ _ _ _ _ _ _ _ _ _ _ _ _ _ _
tests\candidates\test_review_output.py:52: in rejected
    parse(content, **scope)
tests\candidates\test_review_output.py:44: in parse
    return parse_review_output(
_ _ _ _ _ _ _ _ _ _ _ _ _ _ _ _ _ _ _ _ _ _ _ _ _ _ _ _ _ _ _ _ _ _ _ _ _ _ _ _

content = '{"verdict": "pass"}', allowed_files = frozenset({'src/export.py'})
allowed_acceptance_refs = frozenset({'acceptance:csv-v1'})

    def parse_review_output(
        content: str | bytes,
        *,
        allowed_files: frozenset[str],
        allowed_acceptance_refs: frozenset[str],
    ) -> ParsedReviewOutput:
        document = _decode(content)
        return ParsedReviewOutput.model_validate(
            {
                "verdict": {
                    "pass": "passed",
                    "changes_requested": "failed",
                    "inconclusive": "inconclusive",
                }[document["verdict"]],
>               "findings": document["findings"],
                            ^^^^^^^^^^^^^^^^^^^^
            }
        )
E       KeyError: 'findings'

backend\karajan\candidates\review_output.py:122: KeyError
____________ test_requires_exact_top_and_finding_shapes[document7] ____________

document = {'findings': []}

    @pytest.mark.parametrize(
        "document",
        [
            None, [], True, 1, "text", {}, {"verdict": "pass"}, {"findings": []},
            {"verdict": "pass", "findings": [], "summary": "x"},
            {"verdict": "pass", "findings": None},
            {"verdict": "pass", "findings": {}},
            {"verdict": "pass", "findings": "[]"},
            {"verdict": None, "findings": []},
            {"verdict": {}, "findings": []},
            {"verdict": 1, "findings": []},
            {"verdict": "pass", "findings": [None]},
            {"verdict": "pass", "findings": [[]]},
            {"verdict": "pass", "findings": [1]},
        ],
    )
    def test_requires_exact_top_and_finding_shapes(document: Any) -> None:
>       rejected(json.dumps(document), "SCHEMA_INVALID")

tests\candidates\test_review_output.py:130: 
_ _ _ _ _ _ _ _ _ _ _ _ _ _ _ _ _ _ _ _ _ _ _ _ _ _ _ _ _ _ _ _ _ _ _ _ _ _ _ _
tests\candidates\test_review_output.py:52: in rejected
    parse(content, **scope)
tests\candidates\test_review_output.py:44: in parse
    return parse_review_output(
_ _ _ _ _ _ _ _ _ _ _ _ _ _ _ _ _ _ _ _ _ _ _ _ _ _ _ _ _ _ _ _ _ _ _ _ _ _ _ _

content = '{"findings": []}', allowed_files = frozenset({'src/export.py'})
allowed_acceptance_refs = frozenset({'acceptance:csv-v1'})

    def parse_review_output(
        content: str | bytes,
        *,
        allowed_files: frozenset[str],
        allowed_acceptance_refs: frozenset[str],
    ) -> ParsedReviewOutput:
        document = _decode(content)
        return ParsedReviewOutput.model_validate(
            {
                "verdict": {
                    "pass": "passed",
                    "changes_requested": "failed",
                    "inconclusive": "inconclusive",
>               }[document["verdict"]],
                  ^^^^^^^^^^^^^^^^^^^
                "findings": document["findings"],
            }
        )
E       KeyError: 'verdict'

backend\karajan\candidates\review_output.py:121: KeyError
____________ test_requires_exact_top_and_finding_shapes[document8] ____________

document = {'verdict': 'pass', 'findings': [], 'summary': 'x'}

    @pytest.mark.parametrize(
        "document",
        [
            None, [], True, 1, "text", {}, {"verdict": "pass"}, {"findings": []},
            {"verdict": "pass", "findings": [], "summary": "x"},
            {"verdict": "pass", "findings": None},
            {"verdict": "pass", "findings": {}},
            {"verdict": "pass", "findings": "[]"},
            {"verdict": None, "findings": []},
            {"verdict": {}, "findings": []},
            {"verdict": 1, "findings": []},
            {"verdict": "pass", "findings": [None]},
            {"verdict": "pass", "findings": [[]]},
            {"verdict": "pass", "findings": [1]},
        ],
    )
    def test_requires_exact_top_and_finding_shapes(document: Any) -> None:
>       rejected(json.dumps(document), "SCHEMA_INVALID")

tests\candidates\test_review_output.py:130: 
_ _ _ _ _ _ _ _ _ _ _ _ _ _ _ _ _ _ _ _ _ _ _ _ _ _ _ _ _ _ _ _ _ _ _ _ _ _ _ _

content = '{"verdict": "pass", "findings": [], "summary": "x"}'
code = 'SCHEMA_INVALID', scope = {}

    def rejected(content: Any, code: str, **scope: Any) -> None:
>       with pytest.raises(ValueError) as caught:
             ^^^^^^^^^^^^^^^^^^^^^^^^^
E       Failed: DID NOT RAISE ValueError

tests\candidates\test_review_output.py:51: Failed
____________ test_requires_exact_top_and_finding_shapes[document9] ____________

document = {'verdict': 'pass', 'findings': None}

    @pytest.mark.parametrize(
        "document",
        [
            None, [], True, 1, "text", {}, {"verdict": "pass"}, {"findings": []},
            {"verdict": "pass", "findings": [], "summary": "x"},
            {"verdict": "pass", "findings": None},
            {"verdict": "pass", "findings": {}},
            {"verdict": "pass", "findings": "[]"},
            {"verdict": None, "findings": []},
            {"verdict": {}, "findings": []},
            {"verdict": 1, "findings": []},
            {"verdict": "pass", "findings": [None]},
            {"verdict": "pass", "findings": [[]]},
            {"verdict": "pass", "findings": [1]},
        ],
    )
    def test_requires_exact_top_and_finding_shapes(document: Any) -> None:
>       rejected(json.dumps(document), "SCHEMA_INVALID")

tests\candidates\test_review_output.py:130: 
_ _ _ _ _ _ _ _ _ _ _ _ _ _ _ _ _ _ _ _ _ _ _ _ _ _ _ _ _ _ _ _ _ _ _ _ _ _ _ _

content = '{"verdict": "pass", "findings": null}', code = 'SCHEMA_INVALID'
scope = {}

    def rejected(content: Any, code: str, **scope: Any) -> None:
        with pytest.raises(ValueError) as caught:
            parse(content, **scope)
>       assert getattr(caught.value, "code", None) == "REVIEW_OUTPUT_" + code
E       AssertionError: assert None == ('REVIEW_OUTPUT_' + 'SCHEMA_INVALID')
E        +  where None = getattr(1 validation error for ParsedReviewOutput\nfindings\n  Input should be a valid list [type=list_type, input_value=None, input_type=NoneType]\n    For further information visit https://errors.pydantic.dev/2.13/v/list_type, 'code', None)
E        +    where 1 validation error for ParsedReviewOutput\nfindings\n  Input should be a valid list [type=list_type, input_value=None, input_type=NoneType]\n    For further information visit https://errors.pydantic.dev/2.13/v/list_type = <ExceptionInfo 1 validation error for ParsedReviewOutput\nfindings\n  Input should be a valid list [type=list_type, input_value=None, input_type=NoneType]\n    For further information visit https://errors.pydantic.dev/2.13/v/list_type tblen=4>.value

tests\candidates\test_review_output.py:53: AssertionError
___________ test_requires_exact_top_and_finding_shapes[document10] ____________

document = {'verdict': 'pass', 'findings': {}}

    @pytest.mark.parametrize(
        "document",
        [
            None, [], True, 1, "text", {}, {"verdict": "pass"}, {"findings": []},
            {"verdict": "pass", "findings": [], "summary": "x"},
            {"verdict": "pass", "findings": None},
            {"verdict": "pass", "findings": {}},
            {"verdict": "pass", "findings": "[]"},
            {"verdict": None, "findings": []},
            {"verdict": {}, "findings": []},
            {"verdict": 1, "findings": []},
            {"verdict": "pass", "findings": [None]},
            {"verdict": "pass", "findings": [[]]},
            {"verdict": "pass", "findings": [1]},
        ],
    )
    def test_requires_exact_top_and_finding_shapes(document: Any) -> None:
>       rejected(json.dumps(document), "SCHEMA_INVALID")

tests\candidates\test_review_output.py:130: 
_ _ _ _ _ _ _ _ _ _ _ _ _ _ _ _ _ _ _ _ _ _ _ _ _ _ _ _ _ _ _ _ _ _ _ _ _ _ _ _

content = '{"verdict": "pass", "findings": {}}', code = 'SCHEMA_INVALID'
scope = {}

    def rejected(content: Any, code: str, **scope: Any) -> None:
        with pytest.raises(ValueError) as caught:
            parse(content, **scope)
>       assert getattr(caught.value, "code", None) == "REVIEW_OUTPUT_" + code
E       AssertionError: assert None == ('REVIEW_OUTPUT_' + 'SCHEMA_INVALID')
E        +  where None = getattr(1 validation error for ParsedReviewOutput\nfindings\n  Input should be a valid list [type=list_type, input_value={}, input_type=dict]\n    For further information visit https://errors.pydantic.dev/2.13/v/list_type, 'code', None)
E        +    where 1 validation error for ParsedReviewOutput\nfindings\n  Input should be a valid list [type=list_type, input_value={}, input_type=dict]\n    For further information visit https://errors.pydantic.dev/2.13/v/list_type = <ExceptionInfo 1 validation error for ParsedReviewOutput\nfindings\n  Input should be a valid list [type=list_type, input_value={}, input_type=dict]\n    For further information visit https://errors.pydantic.dev/2.13/v/list_type tblen=4>.value

tests\candidates\test_review_output.py:53: AssertionError
___________ test_requires_exact_top_and_finding_shapes[document11] ____________

document = {'verdict': 'pass', 'findings': '[]'}

    @pytest.mark.parametrize(
        "document",
        [
            None, [], True, 1, "text", {}, {"verdict": "pass"}, {"findings": []},
            {"verdict": "pass", "findings": [], "summary": "x"},
            {"verdict": "pass", "findings": None},
            {"verdict": "pass", "findings": {}},
            {"verdict": "pass", "findings": "[]"},
            {"verdict": None, "findings": []},
            {"verdict": {}, "findings": []},
            {"verdict": 1, "findings": []},
            {"verdict": "pass", "findings": [None]},
            {"verdict": "pass", "findings": [[]]},
            {"verdict": "pass", "findings": [1]},
        ],
    )
    def test_requires_exact_top_and_finding_shapes(document: Any) -> None:
>       rejected(json.dumps(document), "SCHEMA_INVALID")

tests\candidates\test_review_output.py:130: 
_ _ _ _ _ _ _ _ _ _ _ _ _ _ _ _ _ _ _ _ _ _ _ _ _ _ _ _ _ _ _ _ _ _ _ _ _ _ _ _

content = '{"verdict": "pass", "findings": "[]"}', code = 'SCHEMA_INVALID'
scope = {}

    def rejected(content: Any, code: str, **scope: Any) -> None:
        with pytest.raises(ValueError) as caught:
            parse(content, **scope)
>       assert getattr(caught.value, "code", None) == "REVIEW_OUTPUT_" + code
E       AssertionError: assert None == ('REVIEW_OUTPUT_' + 'SCHEMA_INVALID')
E        +  where None = getattr(1 validation error for ParsedReviewOutput\nfindings\n  Input should be a valid list [type=list_type, input_value='[]', input_type=str]\n    For further information visit https://errors.pydantic.dev/2.13/v/list_type, 'code', None)
E        +    where 1 validation error for ParsedReviewOutput\nfindings\n  Input should be a valid list [type=list_type, input_value='[]', input_type=str]\n    For further information visit https://errors.pydantic.dev/2.13/v/list_type = <ExceptionInfo 1 validation error for ParsedReviewOutput\nfindings\n  Input should be a valid list [type=list_type, input_value='[]', input_type=str]\n    For further information visit https://errors.pydantic.dev/2.13/v/list_type tblen=4>.value

tests\candidates\test_review_output.py:53: AssertionError
___________ test_requires_exact_top_and_finding_shapes[document12] ____________

document = {'verdict': None, 'findings': []}

    @pytest.mark.parametrize(
        "document",
        [
            None, [], True, 1, "text", {}, {"verdict": "pass"}, {"findings": []},
            {"verdict": "pass", "findings": [], "summary": "x"},
            {"verdict": "pass", "findings": None},
            {"verdict": "pass", "findings": {}},
            {"verdict": "pass", "findings": "[]"},
            {"verdict": None, "findings": []},
            {"verdict": {}, "findings": []},
            {"verdict": 1, "findings": []},
            {"verdict": "pass", "findings": [None]},
            {"verdict": "pass", "findings": [[]]},
            {"verdict": "pass", "findings": [1]},
        ],
    )
    def test_requires_exact_top_and_finding_shapes(document: Any) -> None:
>       rejected(json.dumps(document), "SCHEMA_INVALID")

tests\candidates\test_review_output.py:130: 
_ _ _ _ _ _ _ _ _ _ _ _ _ _ _ _ _ _ _ _ _ _ _ _ _ _ _ _ _ _ _ _ _ _ _ _ _ _ _ _
tests\candidates\test_review_output.py:52: in rejected
    parse(content, **scope)
tests\candidates\test_review_output.py:44: in parse
    return parse_review_output(
_ _ _ _ _ _ _ _ _ _ _ _ _ _ _ _ _ _ _ _ _ _ _ _ _ _ _ _ _ _ _ _ _ _ _ _ _ _ _ _

content = '{"verdict": null, "findings": []}'
allowed_files = frozenset({'src/export.py'})
allowed_acceptance_refs = frozenset({'acceptance:csv-v1'})

    def parse_review_output(
        content: str | bytes,
        *,
        allowed_files: frozenset[str],
        allowed_acceptance_refs: frozenset[str],
    ) -> ParsedReviewOutput:
        document = _decode(content)
        return ParsedReviewOutput.model_validate(
            {
>               "verdict": {
                    "pass": "passed",
                    "changes_requested": "failed",
                    "inconclusive": "inconclusive",
                }[document["verdict"]],
                "findings": document["findings"],
            }
        )
E       KeyError: None

backend\karajan\candidates\review_output.py:117: KeyError
___________ test_requires_exact_top_and_finding_shapes[document13] ____________

document = {'verdict': {}, 'findings': []}

    @pytest.mark.parametrize(
        "document",
        [
            None, [], True, 1, "text", {}, {"verdict": "pass"}, {"findings": []},
            {"verdict": "pass", "findings": [], "summary": "x"},
            {"verdict": "pass", "findings": None},
            {"verdict": "pass", "findings": {}},
            {"verdict": "pass", "findings": "[]"},
            {"verdict": None, "findings": []},
            {"verdict": {}, "findings": []},
            {"verdict": 1, "findings": []},
            {"verdict": "pass", "findings": [None]},
            {"verdict": "pass", "findings": [[]]},
            {"verdict": "pass", "findings": [1]},
        ],
    )
    def test_requires_exact_top_and_finding_shapes(document: Any) -> None:
>       rejected(json.dumps(document), "SCHEMA_INVALID")

tests\candidates\test_review_output.py:130: 
_ _ _ _ _ _ _ _ _ _ _ _ _ _ _ _ _ _ _ _ _ _ _ _ _ _ _ _ _ _ _ _ _ _ _ _ _ _ _ _
tests\candidates\test_review_output.py:52: in rejected
    parse(content, **scope)
tests\candidates\test_review_output.py:44: in parse
    return parse_review_output(
_ _ _ _ _ _ _ _ _ _ _ _ _ _ _ _ _ _ _ _ _ _ _ _ _ _ _ _ _ _ _ _ _ _ _ _ _ _ _ _

content = '{"verdict": {}, "findings": []}'
allowed_files = frozenset({'src/export.py'})
allowed_acceptance_refs = frozenset({'acceptance:csv-v1'})

    def parse_review_output(
        content: str | bytes,
        *,
        allowed_files: frozenset[str],
        allowed_acceptance_refs: frozenset[str],
    ) -> ParsedReviewOutput:
        document = _decode(content)
        return ParsedReviewOutput.model_validate(
            {
>               "verdict": {
                    "pass": "passed",
                    "changes_requested": "failed",
                    "inconclusive": "inconclusive",
                }[document["verdict"]],
                "findings": document["findings"],
            }
        )
E       TypeError: unhashable type: 'dict'

backend\karajan\candidates\review_output.py:117: TypeError
___________ test_requires_exact_top_and_finding_shapes[document14] ____________

document = {'verdict': 1, 'findings': []}

    @pytest.mark.parametrize(
        "document",
        [
            None, [], True, 1, "text", {}, {"verdict": "pass"}, {"findings": []},
            {"verdict": "pass", "findings": [], "summary": "x"},
            {"verdict": "pass", "findings": None},
            {"verdict": "pass", "findings": {}},
            {"verdict": "pass", "findings": "[]"},
            {"verdict": None, "findings": []},
            {"verdict": {}, "findings": []},
            {"verdict": 1, "findings": []},
            {"verdict": "pass", "findings": [None]},
            {"verdict": "pass", "findings": [[]]},
            {"verdict": "pass", "findings": [1]},
        ],
    )
    def test_requires_exact_top_and_finding_shapes(document: Any) -> None:
>       rejected(json.dumps(document), "SCHEMA_INVALID")

tests\candidates\test_review_output.py:130: 
_ _ _ _ _ _ _ _ _ _ _ _ _ _ _ _ _ _ _ _ _ _ _ _ _ _ _ _ _ _ _ _ _ _ _ _ _ _ _ _
tests\candidates\test_review_output.py:52: in rejected
    parse(content, **scope)
tests\candidates\test_review_output.py:44: in parse
    return parse_review_output(
_ _ _ _ _ _ _ _ _ _ _ _ _ _ _ _ _ _ _ _ _ _ _ _ _ _ _ _ _ _ _ _ _ _ _ _ _ _ _ _

content = '{"verdict": 1, "findings": []}'
allowed_files = frozenset({'src/export.py'})
allowed_acceptance_refs = frozenset({'acceptance:csv-v1'})

    def parse_review_output(
        content: str | bytes,
        *,
        allowed_files: frozenset[str],
        allowed_acceptance_refs: frozenset[str],
    ) -> ParsedReviewOutput:
        document = _decode(content)
        return ParsedReviewOutput.model_validate(
            {
>               "verdict": {
                    "pass": "passed",
                    "changes_requested": "failed",
                    "inconclusive": "inconclusive",
                }[document["verdict"]],
                "findings": document["findings"],
            }
        )
E       KeyError: 1

backend\karajan\candidates\review_output.py:117: KeyError
___________ test_requires_exact_top_and_finding_shapes[document15] ____________

document = {'verdict': 'pass', 'findings': [None]}

    @pytest.mark.parametrize(
        "document",
        [
            None, [], True, 1, "text", {}, {"verdict": "pass"}, {"findings": []},
            {"verdict": "pass", "findings": [], "summary": "x"},
            {"verdict": "pass", "findings": None},
            {"verdict": "pass", "findings": {}},
            {"verdict": "pass", "findings": "[]"},
            {"verdict": None, "findings": []},
            {"verdict": {}, "findings": []},
            {"verdict": 1, "findings": []},
            {"verdict": "pass", "findings": [None]},
            {"verdict": "pass", "findings": [[]]},
            {"verdict": "pass", "findings": [1]},
        ],
    )
    def test_requires_exact_top_and_finding_shapes(document: Any) -> None:
>       rejected(json.dumps(document), "SCHEMA_INVALID")

tests\candidates\test_review_output.py:130: 
_ _ _ _ _ _ _ _ _ _ _ _ _ _ _ _ _ _ _ _ _ _ _ _ _ _ _ _ _ _ _ _ _ _ _ _ _ _ _ _

content = '{"verdict": "pass", "findings": [null]}', code = 'SCHEMA_INVALID'
scope = {}

    def rejected(content: Any, code: str, **scope: Any) -> None:
        with pytest.raises(ValueError) as caught:
            parse(content, **scope)
>       assert getattr(caught.value, "code", None) == "REVIEW_OUTPUT_" + code
E       AssertionError: assert None == ('REVIEW_OUTPUT_' + 'SCHEMA_INVALID')
E        +  where None = getattr(1 validation error for ParsedReviewOutput\nfindings.0\n  Input should be a valid dictionary or instance of Finding [type... input_value=None, input_type=NoneType]\n    For further information visit https://errors.pydantic.dev/2.13/v/model_type, 'code', None)
E        +    where 1 validation error for ParsedReviewOutput\nfindings.0\n  Input should be a valid dictionary or instance of Finding [type... input_value=None, input_type=NoneType]\n    For further information visit https://errors.pydantic.dev/2.13/v/model_type = <ExceptionInfo 1 validation error for ParsedReviewOutput\nfindings.0\n  Input should be a valid dictionary or instance o...lue=None, input_type=NoneType]\n    For further information visit https://errors.pydantic.dev/2.13/v/model_type tblen=4>.value

tests\candidates\test_review_output.py:53: AssertionError
___________ test_requires_exact_top_and_finding_shapes[document16] ____________

document = {'verdict': 'pass', 'findings': [[]]}

    @pytest.mark.parametrize(
        "document",
        [
            None, [], True, 1, "text", {}, {"verdict": "pass"}, {"findings": []},
            {"verdict": "pass", "findings": [], "summary": "x"},
            {"verdict": "pass", "findings": None},
            {"verdict": "pass", "findings": {}},
            {"verdict": "pass", "findings": "[]"},
            {"verdict": None, "findings": []},
            {"verdict": {}, "findings": []},
            {"verdict": 1, "findings": []},
            {"verdict": "pass", "findings": [None]},
            {"verdict": "pass", "findings": [[]]},
            {"verdict": "pass", "findings": [1]},
        ],
    )
    def test_requires_exact_top_and_finding_shapes(document: Any) -> None:
>       rejected(json.dumps(document), "SCHEMA_INVALID")

tests\candidates\test_review_output.py:130: 
_ _ _ _ _ _ _ _ _ _ _ _ _ _ _ _ _ _ _ _ _ _ _ _ _ _ _ _ _ _ _ _ _ _ _ _ _ _ _ _

content = '{"verdict": "pass", "findings": [[]]}', code = 'SCHEMA_INVALID'
scope = {}

    def rejected(content: Any, code: str, **scope: Any) -> None:
        with pytest.raises(ValueError) as caught:
            parse(content, **scope)
>       assert getattr(caught.value, "code", None) == "REVIEW_OUTPUT_" + code
E       AssertionError: assert None == ('REVIEW_OUTPUT_' + 'SCHEMA_INVALID')
E        +  where None = getattr(1 validation error for ParsedReviewOutput\nfindings.0\n  Input should be a valid dictionary or instance of Finding [type..._type, input_value=[], input_type=list]\n    For further information visit https://errors.pydantic.dev/2.13/v/model_type, 'code', None)
E        +    where 1 validation error for ParsedReviewOutput\nfindings.0\n  Input should be a valid dictionary or instance of Finding [type..._type, input_value=[], input_type=list]\n    For further information visit https://errors.pydantic.dev/2.13/v/model_type = <ExceptionInfo 1 validation error for ParsedReviewOutput\nfindings.0\n  Input should be a valid dictionary or instance o...put_value=[], input_type=list]\n    For further information visit https://errors.pydantic.dev/2.13/v/model_type tblen=4>.value

tests\candidates\test_review_output.py:53: AssertionError
___________ test_requires_exact_top_and_finding_shapes[document17] ____________

document = {'verdict': 'pass', 'findings': [1]}

    @pytest.mark.parametrize(
        "document",
        [
            None, [], True, 1, "text", {}, {"verdict": "pass"}, {"findings": []},
            {"verdict": "pass", "findings": [], "summary": "x"},
            {"verdict": "pass", "findings": None},
            {"verdict": "pass", "findings": {}},
            {"verdict": "pass", "findings": "[]"},
            {"verdict": None, "findings": []},
            {"verdict": {}, "findings": []},
            {"verdict": 1, "findings": []},
            {"verdict": "pass", "findings": [None]},
            {"verdict": "pass", "findings": [[]]},
            {"verdict": "pass", "findings": [1]},
        ],
    )
    def test_requires_exact_top_and_finding_shapes(document: Any) -> None:
>       rejected(json.dumps(document), "SCHEMA_INVALID")

tests\candidates\test_review_output.py:130: 
_ _ _ _ _ _ _ _ _ _ _ _ _ _ _ _ _ _ _ _ _ _ _ _ _ _ _ _ _ _ _ _ _ _ _ _ _ _ _ _

content = '{"verdict": "pass", "findings": [1]}', code = 'SCHEMA_INVALID'
scope = {}

    def rejected(content: Any, code: str, **scope: Any) -> None:
        with pytest.raises(ValueError) as caught:
            parse(content, **scope)
>       assert getattr(caught.value, "code", None) == "REVIEW_OUTPUT_" + code
E       AssertionError: assert None == ('REVIEW_OUTPUT_' + 'SCHEMA_INVALID')
E        +  where None = getattr(1 validation error for ParsedReviewOutput\nfindings.0\n  Input should be a valid dictionary or instance of Finding [type...el_type, input_value=1, input_type=int]\n    For further information visit https://errors.pydantic.dev/2.13/v/model_type, 'code', None)
E        +    where 1 validation error for ParsedReviewOutput\nfindings.0\n  Input should be a valid dictionary or instance of Finding [type...el_type, input_value=1, input_type=int]\n    For further information visit https://errors.pydantic.dev/2.13/v/model_type = <ExceptionInfo 1 validation error for ParsedReviewOutput\nfindings.0\n  Input should be a valid dictionary or instance o...input_value=1, input_type=int]\n    For further information visit https://errors.pydantic.dev/2.13/v/model_type tblen=4>.value

tests\candidates\test_review_output.py:53: AssertionError
__________________ test_rejects_other_wire_verdicts[passed] ___________________

verdict = 'passed'

    @pytest.mark.parametrize("verdict", ["passed", "failed", "PASS", "unknown", " pass", ""])
    def test_rejects_other_wire_verdicts(verdict: str) -> None:
>       rejected(wire(verdict=verdict), "SCHEMA_INVALID")

tests\candidates\test_review_output.py:135: 
_ _ _ _ _ _ _ _ _ _ _ _ _ _ _ _ _ _ _ _ _ _ _ _ _ _ _ _ _ _ _ _ _ _ _ _ _ _ _ _
tests\candidates\test_review_output.py:52: in rejected
    parse(content, **scope)
tests\candidates\test_review_output.py:44: in parse
    return parse_review_output(
_ _ _ _ _ _ _ _ _ _ _ _ _ _ _ _ _ _ _ _ _ _ _ _ _ _ _ _ _ _ _ _ _ _ _ _ _ _ _ _

content = '{"verdict": "passed", "findings": []}'
allowed_files = frozenset({'src/export.py'})
allowed_acceptance_refs = frozenset({'acceptance:csv-v1'})

    def parse_review_output(
        content: str | bytes,
        *,
        allowed_files: frozenset[str],
        allowed_acceptance_refs: frozenset[str],
    ) -> ParsedReviewOutput:
        document = _decode(content)
        return ParsedReviewOutput.model_validate(
            {
>               "verdict": {
                    "pass": "passed",
                    "changes_requested": "failed",
                    "inconclusive": "inconclusive",
                }[document["verdict"]],
                "findings": document["findings"],
            }
        )
E       KeyError: 'passed'

backend\karajan\candidates\review_output.py:117: KeyError
__________________ test_rejects_other_wire_verdicts[failed] ___________________

verdict = 'failed'

    @pytest.mark.parametrize("verdict", ["passed", "failed", "PASS", "unknown", " pass", ""])
    def test_rejects_other_wire_verdicts(verdict: str) -> None:
>       rejected(wire(verdict=verdict), "SCHEMA_INVALID")

tests\candidates\test_review_output.py:135: 
_ _ _ _ _ _ _ _ _ _ _ _ _ _ _ _ _ _ _ _ _ _ _ _ _ _ _ _ _ _ _ _ _ _ _ _ _ _ _ _
tests\candidates\test_review_output.py:52: in rejected
    parse(content, **scope)
tests\candidates\test_review_output.py:44: in parse
    return parse_review_output(
_ _ _ _ _ _ _ _ _ _ _ _ _ _ _ _ _ _ _ _ _ _ _ _ _ _ _ _ _ _ _ _ _ _ _ _ _ _ _ _

content = '{"verdict": "failed", "findings": []}'
allowed_files = frozenset({'src/export.py'})
allowed_acceptance_refs = frozenset({'acceptance:csv-v1'})

    def parse_review_output(
        content: str | bytes,
        *,
        allowed_files: frozenset[str],
        allowed_acceptance_refs: frozenset[str],
    ) -> ParsedReviewOutput:
        document = _decode(content)
        return ParsedReviewOutput.model_validate(
            {
>               "verdict": {
                    "pass": "passed",
                    "changes_requested": "failed",
                    "inconclusive": "inconclusive",
                }[document["verdict"]],
                "findings": document["findings"],
            }
        )
E       KeyError: 'failed'

backend\karajan\candidates\review_output.py:117: KeyError
___________________ test_rejects_other_wire_verdicts[PASS] ____________________

verdict = 'PASS'

    @pytest.mark.parametrize("verdict", ["passed", "failed", "PASS", "unknown", " pass", ""])
    def test_rejects_other_wire_verdicts(verdict: str) -> None:
>       rejected(wire(verdict=verdict), "SCHEMA_INVALID")

tests\candidates\test_review_output.py:135: 
_ _ _ _ _ _ _ _ _ _ _ _ _ _ _ _ _ _ _ _ _ _ _ _ _ _ _ _ _ _ _ _ _ _ _ _ _ _ _ _
tests\candidates\test_review_output.py:52: in rejected
    parse(content, **scope)
tests\candidates\test_review_output.py:44: in parse
    return parse_review_output(
_ _ _ _ _ _ _ _ _ _ _ _ _ _ _ _ _ _ _ _ _ _ _ _ _ _ _ _ _ _ _ _ _ _ _ _ _ _ _ _

content = '{"verdict": "PASS", "findings": []}'
allowed_files = frozenset({'src/export.py'})
allowed_acceptance_refs = frozenset({'acceptance:csv-v1'})

    def parse_review_output(
        content: str | bytes,
        *,
        allowed_files: frozenset[str],
        allowed_acceptance_refs: frozenset[str],
    ) -> ParsedReviewOutput:
        document = _decode(content)
        return ParsedReviewOutput.model_validate(
            {
>               "verdict": {
                    "pass": "passed",
                    "changes_requested": "failed",
                    "inconclusive": "inconclusive",
                }[document["verdict"]],
                "findings": document["findings"],
            }
        )
E       KeyError: 'PASS'

backend\karajan\candidates\review_output.py:117: KeyError
__________________ test_rejects_other_wire_verdicts[unknown] __________________

verdict = 'unknown'

    @pytest.mark.parametrize("verdict", ["passed", "failed", "PASS", "unknown", " pass", ""])
    def test_rejects_other_wire_verdicts(verdict: str) -> None:
>       rejected(wire(verdict=verdict), "SCHEMA_INVALID")

tests\candidates\test_review_output.py:135: 
_ _ _ _ _ _ _ _ _ _ _ _ _ _ _ _ _ _ _ _ _ _ _ _ _ _ _ _ _ _ _ _ _ _ _ _ _ _ _ _
tests\candidates\test_review_output.py:52: in rejected
    parse(content, **scope)
tests\candidates\test_review_output.py:44: in parse
    return parse_review_output(
_ _ _ _ _ _ _ _ _ _ _ _ _ _ _ _ _ _ _ _ _ _ _ _ _ _ _ _ _ _ _ _ _ _ _ _ _ _ _ _

content = '{"verdict": "unknown", "findings": []}'
allowed_files = frozenset({'src/export.py'})
allowed_acceptance_refs = frozenset({'acceptance:csv-v1'})

    def parse_review_output(
        content: str | bytes,
        *,
        allowed_files: frozenset[str],
        allowed_acceptance_refs: frozenset[str],
    ) -> ParsedReviewOutput:
        document = _decode(content)
        return ParsedReviewOutput.model_validate(
            {
>               "verdict": {
                    "pass": "passed",
                    "changes_requested": "failed",
                    "inconclusive": "inconclusive",
                }[document["verdict"]],
                "findings": document["findings"],
            }
        )
E       KeyError: 'unknown'

backend\karajan\candidates\review_output.py:117: KeyError
___________________ test_rejects_other_wire_verdicts[ pass] ___________________

verdict = ' pass'

    @pytest.mark.parametrize("verdict", ["passed", "failed", "PASS", "unknown", " pass", ""])
    def test_rejects_other_wire_verdicts(verdict: str) -> None:
>       rejected(wire(verdict=verdict), "SCHEMA_INVALID")

tests\candidates\test_review_output.py:135: 
_ _ _ _ _ _ _ _ _ _ _ _ _ _ _ _ _ _ _ _ _ _ _ _ _ _ _ _ _ _ _ _ _ _ _ _ _ _ _ _
tests\candidates\test_review_output.py:52: in rejected
    parse(content, **scope)
tests\candidates\test_review_output.py:44: in parse
    return parse_review_output(
_ _ _ _ _ _ _ _ _ _ _ _ _ _ _ _ _ _ _ _ _ _ _ _ _ _ _ _ _ _ _ _ _ _ _ _ _ _ _ _

content = '{"verdict": " pass", "findings": []}'
allowed_files = frozenset({'src/export.py'})
allowed_acceptance_refs = frozenset({'acceptance:csv-v1'})

    def parse_review_output(
        content: str | bytes,
        *,
        allowed_files: frozenset[str],
        allowed_acceptance_refs: frozenset[str],
    ) -> ParsedReviewOutput:
        document = _decode(content)
        return ParsedReviewOutput.model_validate(
            {
>               "verdict": {
                    "pass": "passed",
                    "changes_requested": "failed",
                    "inconclusive": "inconclusive",
                }[document["verdict"]],
                "findings": document["findings"],
            }
        )
E       KeyError: ' pass'

backend\karajan\candidates\review_output.py:117: KeyError
_____________________ test_rejects_other_wire_verdicts[] ______________________

verdict = ''

    @pytest.mark.parametrize("verdict", ["passed", "failed", "PASS", "unknown", " pass", ""])
    def test_rejects_other_wire_verdicts(verdict: str) -> None:
>       rejected(wire(verdict=verdict), "SCHEMA_INVALID")

tests\candidates\test_review_output.py:135: 
_ _ _ _ _ _ _ _ _ _ _ _ _ _ _ _ _ _ _ _ _ _ _ _ _ _ _ _ _ _ _ _ _ _ _ _ _ _ _ _
tests\candidates\test_review_output.py:52: in rejected
    parse(content, **scope)
tests\candidates\test_review_output.py:44: in parse
    return parse_review_output(
_ _ _ _ _ _ _ _ _ _ _ _ _ _ _ _ _ _ _ _ _ _ _ _ _ _ _ _ _ _ _ _ _ _ _ _ _ _ _ _

content = '{"verdict": "", "findings": []}'
allowed_files = frozenset({'src/export.py'})
allowed_acceptance_refs = frozenset({'acceptance:csv-v1'})

    def parse_review_output(
        content: str | bytes,
        *,
        allowed_files: frozenset[str],
        allowed_acceptance_refs: frozenset[str],
    ) -> ParsedReviewOutput:
        document = _decode(content)
        return ParsedReviewOutput.model_validate(
            {
>               "verdict": {
                    "pass": "passed",
                    "changes_requested": "failed",
                    "inconclusive": "inconclusive",
                }[document["verdict"]],
                "findings": document["findings"],
            }
        )
E       KeyError: ''

backend\karajan\candidates\review_output.py:117: KeyError
_______________ test_every_finding_field_is_required[severity] ________________

field = 'severity'

    @pytest.mark.parametrize(
        "field", ["severity", "file", "line", "behavior", "trigger", "acceptance_ref", "blocking"]
    )
    def test_every_finding_field_is_required(field: str) -> None:
        item = finding()
        del item[field]
>       rejected(wire(item), "SCHEMA_INVALID")

tests\candidates\test_review_output.py:144: 
_ _ _ _ _ _ _ _ _ _ _ _ _ _ _ _ _ _ _ _ _ _ _ _ _ _ _ _ _ _ _ _ _ _ _ _ _ _ _ _

content = '{"verdict": "changes_requested", "findings": [{"file": "src/export.py", "line": 27, "behavior": "�ս��û�������׼�ı�ͷ", "trigger": "��ѯû��ƥ����ʱ���õ���", "acceptance_ref": "acceptance:csv-v1", "blocking": true}]}'
code = 'SCHEMA_INVALID', scope = {}

    def rejected(content: Any, code: str, **scope: Any) -> None:
        with pytest.raises(ValueError) as caught:
            parse(content, **scope)
>       assert getattr(caught.value, "code", None) == "REVIEW_OUTPUT_" + code
E       AssertionError: assert None == ('REVIEW_OUTPUT_' + 'SCHEMA_INVALID')
E        +  where None = getattr(1 validation error for ParsedReviewOutput\nfindings.0.severity\n  Field required [type=missing, input_value={'file': 'sr...v-v1', 'blocking': True}, input_type=dict]\n    For further information visit https://errors.pydantic.dev/2.13/v/missing, 'code', None)
E        +    where 1 validation error for ParsedReviewOutput\nfindings.0.severity\n  Field required [type=missing, input_value={'file': 'sr...v-v1', 'blocking': True}, input_type=dict]\n    For further information visit https://errors.pydantic.dev/2.13/v/missing = <ExceptionInfo 1 validation error for ParsedReviewOutput\nfindings.0.severity\n  Field required [type=missing, input_val...locking': True}, input_type=dict]\n    For further information visit https://errors.pydantic.dev/2.13/v/missing tblen=4>.value

tests\candidates\test_review_output.py:53: AssertionError
_________________ test_every_finding_field_is_required[file] __________________

field = 'file'

    @pytest.mark.parametrize(
        "field", ["severity", "file", "line", "behavior", "trigger", "acceptance_ref", "blocking"]
    )
    def test_every_finding_field_is_required(field: str) -> None:
        item = finding()
        del item[field]
>       rejected(wire(item), "SCHEMA_INVALID")

tests\candidates\test_review_output.py:144: 
_ _ _ _ _ _ _ _ _ _ _ _ _ _ _ _ _ _ _ _ _ _ _ _ _ _ _ _ _ _ _ _ _ _ _ _ _ _ _ _

content = '{"verdict": "changes_requested", "findings": [{"severity": "high", "line": 27, "behavior": "�ս��û�������׼�ı�ͷ", "trigger": "��ѯû��ƥ����ʱ���õ���", "acceptance_ref": "acceptance:csv-v1", "blocking": true}]}'
code = 'SCHEMA_INVALID', scope = {}

    def rejected(content: Any, code: str, **scope: Any) -> None:
        with pytest.raises(ValueError) as caught:
            parse(content, **scope)
>       assert getattr(caught.value, "code", None) == "REVIEW_OUTPUT_" + code
E       AssertionError: assert None == ('REVIEW_OUTPUT_' + 'SCHEMA_INVALID')
E        +  where None = getattr(1 validation error for ParsedReviewOutput\nfindings.0.file\n  Field required [type=missing, input_value={'severity': 'hi...v-v1', 'blocking': True}, input_type=dict]\n    For further information visit https://errors.pydantic.dev/2.13/v/missing, 'code', None)
E        +    where 1 validation error for ParsedReviewOutput\nfindings.0.file\n  Field required [type=missing, input_value={'severity': 'hi...v-v1', 'blocking': True}, input_type=dict]\n    For further information visit https://errors.pydantic.dev/2.13/v/missing = <ExceptionInfo 1 validation error for ParsedReviewOutput\nfindings.0.file\n  Field required [type=missing, input_value={...locking': True}, input_type=dict]\n    For further information visit https://errors.pydantic.dev/2.13/v/missing tblen=4>.value

tests\candidates\test_review_output.py:53: AssertionError
_________________ test_every_finding_field_is_required[line] __________________

field = 'line'

    @pytest.mark.parametrize(
        "field", ["severity", "file", "line", "behavior", "trigger", "acceptance_ref", "blocking"]
    )
    def test_every_finding_field_is_required(field: str) -> None:
        item = finding()
        del item[field]
>       rejected(wire(item), "SCHEMA_INVALID")

tests\candidates\test_review_output.py:144: 
_ _ _ _ _ _ _ _ _ _ _ _ _ _ _ _ _ _ _ _ _ _ _ _ _ _ _ _ _ _ _ _ _ _ _ _ _ _ _ _

content = '{"verdict": "changes_requested", "findings": [{"severity": "high", "file": "src/export.py", "behavior": "�ս��û�������׼�ı�ͷ", "trigger": "��ѯû��ƥ����ʱ���õ���", "acceptance_ref": "acceptance:csv-v1", "blocking": true}]}'
code = 'SCHEMA_INVALID', scope = {}

    def rejected(content: Any, code: str, **scope: Any) -> None:
        with pytest.raises(ValueError) as caught:
            parse(content, **scope)
>       assert getattr(caught.value, "code", None) == "REVIEW_OUTPUT_" + code
E       AssertionError: assert None == ('REVIEW_OUTPUT_' + 'SCHEMA_INVALID')
E        +  where None = getattr(1 validation error for ParsedReviewOutput\nfindings.0.line\n  Field required [type=missing, input_value={'severity': 'hi...v-v1', 'blocking': True}, input_type=dict]\n    For further information visit https://errors.pydantic.dev/2.13/v/missing, 'code', None)
E        +    where 1 validation error for ParsedReviewOutput\nfindings.0.line\n  Field required [type=missing, input_value={'severity': 'hi...v-v1', 'blocking': True}, input_type=dict]\n    For further information visit https://errors.pydantic.dev/2.13/v/missing = <ExceptionInfo 1 validation error for ParsedReviewOutput\nfindings.0.line\n  Field required [type=missing, input_value={...locking': True}, input_type=dict]\n    For further information visit https://errors.pydantic.dev/2.13/v/missing tblen=4>.value

tests\candidates\test_review_output.py:53: AssertionError
_______________ test_every_finding_field_is_required[behavior] ________________

field = 'behavior'

    @pytest.mark.parametrize(
        "field", ["severity", "file", "line", "behavior", "trigger", "acceptance_ref", "blocking"]
    )
    def test_every_finding_field_is_required(field: str) -> None:
        item = finding()
        del item[field]
>       rejected(wire(item), "SCHEMA_INVALID")

tests\candidates\test_review_output.py:144: 
_ _ _ _ _ _ _ _ _ _ _ _ _ _ _ _ _ _ _ _ _ _ _ _ _ _ _ _ _ _ _ _ _ _ _ _ _ _ _ _

content = '{"verdict": "changes_requested", "findings": [{"severity": "high", "file": "src/export.py", "line": 27, "trigger": "��ѯû��ƥ����ʱ���õ���", "acceptance_ref": "acceptance:csv-v1", "blocking": true}]}'
code = 'SCHEMA_INVALID', scope = {}

    def rejected(content: Any, code: str, **scope: Any) -> None:
        with pytest.raises(ValueError) as caught:
            parse(content, **scope)
>       assert getattr(caught.value, "code", None) == "REVIEW_OUTPUT_" + code
E       AssertionError: assert None == ('REVIEW_OUTPUT_' + 'SCHEMA_INVALID')
E        +  where None = getattr(1 validation error for ParsedReviewOutput\nfindings.0.behavior\n  Field required [type=missing, input_value={'severity':...v-v1', 'blocking': True}, input_type=dict]\n    For further information visit https://errors.pydantic.dev/2.13/v/missing, 'code', None)
E        +    where 1 validation error for ParsedReviewOutput\nfindings.0.behavior\n  Field required [type=missing, input_value={'severity':...v-v1', 'blocking': True}, input_type=dict]\n    For further information visit https://errors.pydantic.dev/2.13/v/missing = <ExceptionInfo 1 validation error for ParsedReviewOutput\nfindings.0.behavior\n  Field required [type=missing, input_val...locking': True}, input_type=dict]\n    For further information visit https://errors.pydantic.dev/2.13/v/missing tblen=4>.value

tests\candidates\test_review_output.py:53: AssertionError
________________ test_every_finding_field_is_required[trigger] ________________

field = 'trigger'

    @pytest.mark.parametrize(
        "field", ["severity", "file", "line", "behavior", "trigger", "acceptance_ref", "blocking"]
    )
    def test_every_finding_field_is_required(field: str) -> None:
        item = finding()
        del item[field]
>       rejected(wire(item), "SCHEMA_INVALID")

tests\candidates\test_review_output.py:144: 
_ _ _ _ _ _ _ _ _ _ _ _ _ _ _ _ _ _ _ _ _ _ _ _ _ _ _ _ _ _ _ _ _ _ _ _ _ _ _ _

content = '{"verdict": "changes_requested", "findings": [{"severity": "high", "file": "src/export.py", "line": 27, "behavior": "�ս��û�������׼�ı�ͷ", "acceptance_ref": "acceptance:csv-v1", "blocking": true}]}'
code = 'SCHEMA_INVALID', scope = {}

    def rejected(content: Any, code: str, **scope: Any) -> None:
        with pytest.raises(ValueError) as caught:
            parse(content, **scope)
>       assert getattr(caught.value, "code", None) == "REVIEW_OUTPUT_" + code
E       AssertionError: assert None == ('REVIEW_OUTPUT_' + 'SCHEMA_INVALID')
E        +  where None = getattr(1 validation error for ParsedReviewOutput\nfindings.0.trigger\n  Field required [type=missing, input_value={'severity': ...v-v1', 'blocking': True}, input_type=dict]\n    For further information visit https://errors.pydantic.dev/2.13/v/missing, 'code', None)
E        +    where 1 validation error for ParsedReviewOutput\nfindings.0.trigger\n  Field required [type=missing, input_value={'severity': ...v-v1', 'blocking': True}, input_type=dict]\n    For further information visit https://errors.pydantic.dev/2.13/v/missing = <ExceptionInfo 1 validation error for ParsedReviewOutput\nfindings.0.trigger\n  Field required [type=missing, input_valu...locking': True}, input_type=dict]\n    For further information visit https://errors.pydantic.dev/2.13/v/missing tblen=4>.value

tests\candidates\test_review_output.py:53: AssertionError
____________ test_every_finding_field_is_required[acceptance_ref] _____________

field = 'acceptance_ref'

    @pytest.mark.parametrize(
        "field", ["severity", "file", "line", "behavior", "trigger", "acceptance_ref", "blocking"]
    )
    def test_every_finding_field_is_required(field: str) -> None:
        item = finding()
        del item[field]
>       rejected(wire(item), "SCHEMA_INVALID")

tests\candidates\test_review_output.py:144: 
_ _ _ _ _ _ _ _ _ _ _ _ _ _ _ _ _ _ _ _ _ _ _ _ _ _ _ _ _ _ _ _ _ _ _ _ _ _ _ _

content = '{"verdict": "changes_requested", "findings": [{"severity": "high", "file": "src/export.py", "line": 27, "behavior": "�ս��û�������׼�ı�ͷ", "trigger": "��ѯû��ƥ����ʱ���õ���", "blocking": true}]}'
code = 'SCHEMA_INVALID', scope = {}

    def rejected(content: Any, code: str, **scope: Any) -> None:
        with pytest.raises(ValueError) as caught:
            parse(content, **scope)
>       assert getattr(caught.value, "code", None) == "REVIEW_OUTPUT_" + code
E       AssertionError: assert None == ('REVIEW_OUTPUT_' + 'SCHEMA_INVALID')
E        +  where None = getattr(1 validation error for ParsedReviewOutput\nfindings.0.acceptance_ref\n  Field required [type=missing, input_value={'seve......��', 'blocking': True}, input_type=dict]\n    For further information visit https://errors.pydantic.dev/2.13/v/missing, 'code', None)
E        +    where 1 validation error for ParsedReviewOutput\nfindings.0.acceptance_ref\n  Field required [type=missing, input_value={'seve......��', 'blocking': True}, input_type=dict]\n    For further information visit https://errors.pydantic.dev/2.13/v/missing = <ExceptionInfo 1 validation error for ParsedReviewOutput\nfindings.0.acceptance_ref\n  Field required [type=missing, inp...locking': True}, input_type=dict]\n    For further information visit https://errors.pydantic.dev/2.13/v/missing tblen=4>.value

tests\candidates\test_review_output.py:53: AssertionError
_______________ test_every_finding_field_is_required[blocking] ________________

field = 'blocking'

    @pytest.mark.parametrize(
        "field", ["severity", "file", "line", "behavior", "trigger", "acceptance_ref", "blocking"]
    )
    def test_every_finding_field_is_required(field: str) -> None:
        item = finding()
        del item[field]
>       rejected(wire(item), "SCHEMA_INVALID")

tests\candidates\test_review_output.py:144: 
_ _ _ _ _ _ _ _ _ _ _ _ _ _ _ _ _ _ _ _ _ _ _ _ _ _ _ _ _ _ _ _ _ _ _ _ _ _ _ _

content = '{"verdict": "changes_requested", "findings": [{"severity": "high", "file": "src/export.py", "line": 27, "behavior": "�ս��û�������׼�ı�ͷ", "trigger": "��ѯû��ƥ����ʱ���õ���", "acceptance_ref": "acceptance:csv-v1"}]}'
code = 'SCHEMA_INVALID', scope = {}

    def rejected(content: Any, code: str, **scope: Any) -> None:
        with pytest.raises(ValueError) as caught:
            parse(content, **scope)
>       assert getattr(caught.value, "code", None) == "REVIEW_OUTPUT_" + code
E       AssertionError: assert None == ('REVIEW_OUTPUT_' + 'SCHEMA_INVALID')
E        +  where None = getattr(1 validation error for ParsedReviewOutput\nfindings.0.blocking\n  Field required [type=missing, input_value={'severity':...f': 'acceptance:csv-v1'}, input_type=dict]\n    For further information visit https://errors.pydantic.dev/2.13/v/missing, 'code', None)
E        +    where 1 validation error for ParsedReviewOutput\nfindings.0.blocking\n  Field required [type=missing, input_value={'severity':...f': 'acceptance:csv-v1'}, input_type=dict]\n    For further information visit https://errors.pydantic.dev/2.13/v/missing = <ExceptionInfo 1 validation error for ParsedReviewOutput\nfindings.0.blocking\n  Field required [type=missing, input_val...ptance:csv-v1'}, input_type=dict]\n    For further information visit https://errors.pydantic.dev/2.13/v/missing tblen=4>.value

tests\candidates\test_review_output.py:53: AssertionError
_______ test_finding_types_and_existing_enums_are_strict[severity-HIGH] _______

field = 'severity', value = 'HIGH'

    @pytest.mark.parametrize(
        ("field", "value"),
        [
            ("severity", "HIGH"), ("severity", "info"), ("severity", None),
            ("file", None), ("file", 1), ("acceptance_ref", False),
            ("line", True), ("line", False), ("line", 1.0), ("line", "1"),
            ("line", None), ("line", 0), ("line", -1),
            ("blocking", 0), ("blocking", 1), ("blocking", "false"), ("blocking", None),
            ("behavior", None), ("behavior", 0), ("behavior", ""), ("behavior", " \n\t\r"),
            ("trigger", None), ("trigger", False), ("trigger", ""), ("trigger", "\u2003"),
        ],
    )
    def test_finding_types_and_existing_enums_are_strict(field: str, value: Any) -> None:
>       rejected(wire(finding(**{field: value})), "SCHEMA_INVALID")

tests\candidates\test_review_output.py:160: 
_ _ _ _ _ _ _ _ _ _ _ _ _ _ _ _ _ _ _ _ _ _ _ _ _ _ _ _ _ _ _ _ _ _ _ _ _ _ _ _

content = '{"verdict": "changes_requested", "findings": [{"severity": "HIGH", "file": "src/export.py", "line": 27, "behavior": "�ս��û�������׼�ı�ͷ", "trigger": "��ѯû��ƥ����ʱ���õ���", "acceptance_ref": "acceptance:csv-v1", "blocking": true}]}'
code = 'SCHEMA_INVALID', scope = {}

    def rejected(content: Any, code: str, **scope: Any) -> None:
        with pytest.raises(ValueError) as caught:
            parse(content, **scope)
>       assert getattr(caught.value, "code", None) == "REVIEW_OUTPUT_" + code
E       AssertionError: assert None == ('REVIEW_OUTPUT_' + 'SCHEMA_INVALID')
E        +  where None = getattr(1 validation error for ParsedReviewOutput\nfindings.0.severity\n  Input should be 'critical', 'high', 'medium' or 'low' ... input_value='HIGH', input_type=str]\n    For further information visit https://errors.pydantic.dev/2.13/v/literal_error, 'code', None)
E        +    where 1 validation error for ParsedReviewOutput\nfindings.0.severity\n  Input should be 'critical', 'high', 'medium' or 'low' ... input_value='HIGH', input_type=str]\n    For further information visit https://errors.pydantic.dev/2.13/v/literal_error = <ExceptionInfo 1 validation error for ParsedReviewOutput\nfindings.0.severity\n  Input should be 'critical', 'high', 'me...lue='HIGH', input_type=str]\n    For further information visit https://errors.pydantic.dev/2.13/v/literal_error tblen=4>.value

tests\candidates\test_review_output.py:53: AssertionError
_______ test_finding_types_and_existing_enums_are_strict[severity-info] _______

field = 'severity', value = 'info'

    @pytest.mark.parametrize(
        ("field", "value"),
        [
            ("severity", "HIGH"), ("severity", "info"), ("severity", None),
            ("file", None), ("file", 1), ("acceptance_ref", False),
            ("line", True), ("line", False), ("line", 1.0), ("line", "1"),
            ("line", None), ("line", 0), ("line", -1),
            ("blocking", 0), ("blocking", 1), ("blocking", "false"), ("blocking", None),
            ("behavior", None), ("behavior", 0), ("behavior", ""), ("behavior", " \n\t\r"),
            ("trigger", None), ("trigger", False), ("trigger", ""), ("trigger", "\u2003"),
        ],
    )
    def test_finding_types_and_existing_enums_are_strict(field: str, value: Any) -> None:
>       rejected(wire(finding(**{field: value})), "SCHEMA_INVALID")

tests\candidates\test_review_output.py:160: 
_ _ _ _ _ _ _ _ _ _ _ _ _ _ _ _ _ _ _ _ _ _ _ _ _ _ _ _ _ _ _ _ _ _ _ _ _ _ _ _

content = '{"verdict": "changes_requested", "findings": [{"severity": "info", "file": "src/export.py", "line": 27, "behavior": "�ս��û�������׼�ı�ͷ", "trigger": "��ѯû��ƥ����ʱ���õ���", "acceptance_ref": "acceptance:csv-v1", "blocking": true}]}'
code = 'SCHEMA_INVALID', scope = {}

    def rejected(content: Any, code: str, **scope: Any) -> None:
        with pytest.raises(ValueError) as caught:
            parse(content, **scope)
>       assert getattr(caught.value, "code", None) == "REVIEW_OUTPUT_" + code
E       AssertionError: assert None == ('REVIEW_OUTPUT_' + 'SCHEMA_INVALID')
E        +  where None = getattr(1 validation error for ParsedReviewOutput\nfindings.0.severity\n  Input should be 'critical', 'high', 'medium' or 'low' ... input_value='info', input_type=str]\n    For further information visit https://errors.pydantic.dev/2.13/v/literal_error, 'code', None)
E        +    where 1 validation error for ParsedReviewOutput\nfindings.0.severity\n  Input should be 'critical', 'high', 'medium' or 'low' ... input_value='info', input_type=str]\n    For further information visit https://errors.pydantic.dev/2.13/v/literal_error = <ExceptionInfo 1 validation error for ParsedReviewOutput\nfindings.0.severity\n  Input should be 'critical', 'high', 'me...lue='info', input_type=str]\n    For further information visit https://errors.pydantic.dev/2.13/v/literal_error tblen=4>.value

tests\candidates\test_review_output.py:53: AssertionError
_______ test_finding_types_and_existing_enums_are_strict[severity-None] _______

field = 'severity', value = None

    @pytest.mark.parametrize(
        ("field", "value"),
        [
            ("severity", "HIGH"), ("severity", "info"), ("severity", None),
            ("file", None), ("file", 1), ("acceptance_ref", False),
            ("line", True), ("line", False), ("line", 1.0), ("line", "1"),
            ("line", None), ("line", 0), ("line", -1),
            ("blocking", 0), ("blocking", 1), ("blocking", "false"), ("blocking", None),
            ("behavior", None), ("behavior", 0), ("behavior", ""), ("behavior", " \n\t\r"),
            ("trigger", None), ("trigger", False), ("trigger", ""), ("trigger", "\u2003"),
        ],
    )
    def test_finding_types_and_existing_enums_are_strict(field: str, value: Any) -> None:
>       rejected(wire(finding(**{field: value})), "SCHEMA_INVALID")

tests\candidates\test_review_output.py:160: 
_ _ _ _ _ _ _ _ _ _ _ _ _ _ _ _ _ _ _ _ _ _ _ _ _ _ _ _ _ _ _ _ _ _ _ _ _ _ _ _

content = '{"verdict": "changes_requested", "findings": [{"severity": null, "file": "src/export.py", "line": 27, "behavior": "�ս��û�������׼�ı�ͷ", "trigger": "��ѯû��ƥ����ʱ���õ���", "acceptance_ref": "acceptance:csv-v1", "blocking": true}]}'
code = 'SCHEMA_INVALID', scope = {}

    def rejected(content: Any, code: str, **scope: Any) -> None:
        with pytest.raises(ValueError) as caught:
            parse(content, **scope)
>       assert getattr(caught.value, "code", None) == "REVIEW_OUTPUT_" + code
E       AssertionError: assert None == ('REVIEW_OUTPUT_' + 'SCHEMA_INVALID')
E        +  where None = getattr(1 validation error for ParsedReviewOutput\nfindings.0.severity\n  Input should be 'critical', 'high', 'medium' or 'low' ...put_value=None, input_type=NoneType]\n    For further information visit https://errors.pydantic.dev/2.13/v/literal_error, 'code', None)
E        +    where 1 validation error for ParsedReviewOutput\nfindings.0.severity\n  Input should be 'critical', 'high', 'medium' or 'low' ...put_value=None, input_type=NoneType]\n    For further information visit https://errors.pydantic.dev/2.13/v/literal_error = <ExceptionInfo 1 validation error for ParsedReviewOutput\nfindings.0.severity\n  Input should be 'critical', 'high', 'me...=None, input_type=NoneType]\n    For further information visit https://errors.pydantic.dev/2.13/v/literal_error tblen=4>.value

tests\candidates\test_review_output.py:53: AssertionError
_________ test_finding_types_and_existing_enums_are_strict[file-None] _________

field = 'file', value = None

    @pytest.mark.parametrize(
        ("field", "value"),
        [
            ("severity", "HIGH"), ("severity", "info"), ("severity", None),
            ("file", None), ("file", 1), ("acceptance_ref", False),
            ("line", True), ("line", False), ("line", 1.0), ("line", "1"),
            ("line", None), ("line", 0), ("line", -1),
            ("blocking", 0), ("blocking", 1), ("blocking", "false"), ("blocking", None),
            ("behavior", None), ("behavior", 0), ("behavior", ""), ("behavior", " \n\t\r"),
            ("trigger", None), ("trigger", False), ("trigger", ""), ("trigger", "\u2003"),
        ],
    )
    def test_finding_types_and_existing_enums_are_strict(field: str, value: Any) -> None:
>       rejected(wire(finding(**{field: value})), "SCHEMA_INVALID")

tests\candidates\test_review_output.py:160: 
_ _ _ _ _ _ _ _ _ _ _ _ _ _ _ _ _ _ _ _ _ _ _ _ _ _ _ _ _ _ _ _ _ _ _ _ _ _ _ _

content = '{"verdict": "changes_requested", "findings": [{"severity": "high", "file": null, "line": 27, "behavior": "�ս��û�������׼�ı�ͷ", "trigger": "��ѯû��ƥ����ʱ���õ���", "acceptance_ref": "acceptance:csv-v1", "blocking": true}]}'
code = 'SCHEMA_INVALID', scope = {}

    def rejected(content: Any, code: str, **scope: Any) -> None:
        with pytest.raises(ValueError) as caught:
            parse(content, **scope)
>       assert getattr(caught.value, "code", None) == "REVIEW_OUTPUT_" + code
E       AssertionError: assert None == ('REVIEW_OUTPUT_' + 'SCHEMA_INVALID')
E        +  where None = getattr(1 validation error for ParsedReviewOutput\nfindings.0.file\n  Input should be a valid string [type=string_type, input_value=None, input_type=NoneType]\n    For further information visit https://errors.pydantic.dev/2.13/v/string_type, 'code', None)
E        +    where 1 validation error for ParsedReviewOutput\nfindings.0.file\n  Input should be a valid string [type=string_type, input_value=None, input_type=NoneType]\n    For further information visit https://errors.pydantic.dev/2.13/v/string_type = <ExceptionInfo 1 validation error for ParsedReviewOutput\nfindings.0.file\n  Input should be a valid string [type=string...ue=None, input_type=NoneType]\n    For further information visit https://errors.pydantic.dev/2.13/v/string_type tblen=4>.value

tests\candidates\test_review_output.py:53: AssertionError
__________ test_finding_types_and_existing_enums_are_strict[file-1] ___________

field = 'file', value = 1

    @pytest.mark.parametrize(
        ("field", "value"),
        [
            ("severity", "HIGH"), ("severity", "info"), ("severity", None),
            ("file", None), ("file", 1), ("acceptance_ref", False),
            ("line", True), ("line", False), ("line", 1.0), ("line", "1"),
            ("line", None), ("line", 0), ("line", -1),
            ("blocking", 0), ("blocking", 1), ("blocking", "false"), ("blocking", None),
            ("behavior", None), ("behavior", 0), ("behavior", ""), ("behavior", " \n\t\r"),
            ("trigger", None), ("trigger", False), ("trigger", ""), ("trigger", "\u2003"),
        ],
    )
    def test_finding_types_and_existing_enums_are_strict(field: str, value: Any) -> None:
>       rejected(wire(finding(**{field: value})), "SCHEMA_INVALID")

tests\candidates\test_review_output.py:160: 
_ _ _ _ _ _ _ _ _ _ _ _ _ _ _ _ _ _ _ _ _ _ _ _ _ _ _ _ _ _ _ _ _ _ _ _ _ _ _ _

content = '{"verdict": "changes_requested", "findings": [{"severity": "high", "file": 1, "line": 27, "behavior": "�ս��û�������׼�ı�ͷ", "trigger": "��ѯû��ƥ����ʱ���õ���", "acceptance_ref": "acceptance:csv-v1", "blocking": true}]}'
code = 'SCHEMA_INVALID', scope = {}

    def rejected(content: Any, code: str, **scope: Any) -> None:
        with pytest.raises(ValueError) as caught:
            parse(content, **scope)
>       assert getattr(caught.value, "code", None) == "REVIEW_OUTPUT_" + code
E       AssertionError: assert None == ('REVIEW_OUTPUT_' + 'SCHEMA_INVALID')
E        +  where None = getattr(1 validation error for ParsedReviewOutput\nfindings.0.file\n  Input should be a valid string [type=string_type, input_value=1, input_type=int]\n    For further information visit https://errors.pydantic.dev/2.13/v/string_type, 'code', None)
E        +    where 1 validation error for ParsedReviewOutput\nfindings.0.file\n  Input should be a valid string [type=string_type, input_value=1, input_type=int]\n    For further information visit https://errors.pydantic.dev/2.13/v/string_type = <ExceptionInfo 1 validation error for ParsedReviewOutput\nfindings.0.file\n  Input should be a valid string [type=string...nput_value=1, input_type=int]\n    For further information visit https://errors.pydantic.dev/2.13/v/string_type tblen=4>.value

tests\candidates\test_review_output.py:53: AssertionError
___ test_finding_types_and_existing_enums_are_strict[acceptance_ref-False] ____

field = 'acceptance_ref', value = False

    @pytest.mark.parametrize(
        ("field", "value"),
        [
            ("severity", "HIGH"), ("severity", "info"), ("severity", None),
            ("file", None), ("file", 1), ("acceptance_ref", False),
            ("line", True), ("line", False), ("line", 1.0), ("line", "1"),
            ("line", None), ("line", 0), ("line", -1),
            ("blocking", 0), ("blocking", 1), ("blocking", "false"), ("blocking", None),
            ("behavior", None), ("behavior", 0), ("behavior", ""), ("behavior", " \n\t\r"),
            ("trigger", None), ("trigger", False), ("trigger", ""), ("trigger", "\u2003"),
        ],
    )
    def test_finding_types_and_existing_enums_are_strict(field: str, value: Any) -> None:
>       rejected(wire(finding(**{field: value})), "SCHEMA_INVALID")

tests\candidates\test_review_output.py:160: 
_ _ _ _ _ _ _ _ _ _ _ _ _ _ _ _ _ _ _ _ _ _ _ _ _ _ _ _ _ _ _ _ _ _ _ _ _ _ _ _

content = '{"verdict": "changes_requested", "findings": [{"severity": "high", "file": "src/export.py", "line": 27, "behavior": "�ս��û�������׼�ı�ͷ", "trigger": "��ѯû��ƥ����ʱ���õ���", "acceptance_ref": false, "blocking": true}]}'
code = 'SCHEMA_INVALID', scope = {}

    def rejected(content: Any, code: str, **scope: Any) -> None:
        with pytest.raises(ValueError) as caught:
            parse(content, **scope)
>       assert getattr(caught.value, "code", None) == "REVIEW_OUTPUT_" + code
E       AssertionError: assert None == ('REVIEW_OUTPUT_' + 'SCHEMA_INVALID')
E        +  where None = getattr(1 validation error for ParsedReviewOutput\nfindings.0.acceptance_ref\n  Input should be a valid string [type=string_type, input_value=False, input_type=bool]\n    For further information visit https://errors.pydantic.dev/2.13/v/string_type, 'code', None)
E        +    where 1 validation error for ParsedReviewOutput\nfindings.0.acceptance_ref\n  Input should be a valid string [type=string_type, input_value=False, input_type=bool]\n    For further information visit https://errors.pydantic.dev/2.13/v/string_type = <ExceptionInfo 1 validation error for ParsedReviewOutput\nfindings.0.acceptance_ref\n  Input should be a valid string [t...value=False, input_type=bool]\n    For further information visit https://errors.pydantic.dev/2.13/v/string_type tblen=4>.value

tests\candidates\test_review_output.py:53: AssertionError
_________ test_finding_types_and_existing_enums_are_strict[line-True] _________

field = 'line', value = True

    @pytest.mark.parametrize(
        ("field", "value"),
        [
            ("severity", "HIGH"), ("severity", "info"), ("severity", None),
            ("file", None), ("file", 1), ("acceptance_ref", False),
            ("line", True), ("line", False), ("line", 1.0), ("line", "1"),
            ("line", None), ("line", 0), ("line", -1),
            ("blocking", 0), ("blocking", 1), ("blocking", "false"), ("blocking", None),
            ("behavior", None), ("behavior", 0), ("behavior", ""), ("behavior", " \n\t\r"),
            ("trigger", None), ("trigger", False), ("trigger", ""), ("trigger", "\u2003"),
        ],
    )
    def test_finding_types_and_existing_enums_are_strict(field: str, value: Any) -> None:
>       rejected(wire(finding(**{field: value})), "SCHEMA_INVALID")

tests\candidates\test_review_output.py:160: 
_ _ _ _ _ _ _ _ _ _ _ _ _ _ _ _ _ _ _ _ _ _ _ _ _ _ _ _ _ _ _ _ _ _ _ _ _ _ _ _

content = '{"verdict": "changes_requested", "findings": [{"severity": "high", "file": "src/export.py", "line": true, "behavior": "�ս��û�������׼�ı�ͷ", "trigger": "��ѯû��ƥ����ʱ���õ���", "acceptance_ref": "acceptance:csv-v1", "blocking": true}]}'
code = 'SCHEMA_INVALID', scope = {}

    def rejected(content: Any, code: str, **scope: Any) -> None:
        with pytest.raises(ValueError) as caught:
            parse(content, **scope)
>       assert getattr(caught.value, "code", None) == "REVIEW_OUTPUT_" + code
E       AssertionError: assert None == ('REVIEW_OUTPUT_' + 'SCHEMA_INVALID')
E        +  where None = getattr(1 validation error for ParsedReviewOutput\nfindings.0.line\n  Input should be a valid integer [type=int_type, input_value=True, input_type=bool]\n    For further information visit https://errors.pydantic.dev/2.13/v/int_type, 'code', None)
E        +    where 1 validation error for ParsedReviewOutput\nfindings.0.line\n  Input should be a valid integer [type=int_type, input_value=True, input_type=bool]\n    For further information visit https://errors.pydantic.dev/2.13/v/int_type = <ExceptionInfo 1 validation error for ParsedReviewOutput\nfindings.0.line\n  Input should be a valid integer [type=int_t...put_value=True, input_type=bool]\n    For further information visit https://errors.pydantic.dev/2.13/v/int_type tblen=4>.value

tests\candidates\test_review_output.py:53: AssertionError
________ test_finding_types_and_existing_enums_are_strict[line-False] _________

field = 'line', value = False

    @pytest.mark.parametrize(
        ("field", "value"),
        [
            ("severity", "HIGH"), ("severity", "info"), ("severity", None),
            ("file", None), ("file", 1), ("acceptance_ref", False),
            ("line", True), ("line", False), ("line", 1.0), ("line", "1"),
            ("line", None), ("line", 0), ("line", -1),
            ("blocking", 0), ("blocking", 1), ("blocking", "false"), ("blocking", None),
            ("behavior", None), ("behavior", 0), ("behavior", ""), ("behavior", " \n\t\r"),
            ("trigger", None), ("trigger", False), ("trigger", ""), ("trigger", "\u2003"),
        ],
    )
    def test_finding_types_and_existing_enums_are_strict(field: str, value: Any) -> None:
>       rejected(wire(finding(**{field: value})), "SCHEMA_INVALID")

tests\candidates\test_review_output.py:160: 
_ _ _ _ _ _ _ _ _ _ _ _ _ _ _ _ _ _ _ _ _ _ _ _ _ _ _ _ _ _ _ _ _ _ _ _ _ _ _ _

content = '{"verdict": "changes_requested", "findings": [{"severity": "high", "file": "src/export.py", "line": false, "behavior": "�ս��û�������׼�ı�ͷ", "trigger": "��ѯû��ƥ����ʱ���õ���", "acceptance_ref": "acceptance:csv-v1", "blocking": true}]}'
code = 'SCHEMA_INVALID', scope = {}

    def rejected(content: Any, code: str, **scope: Any) -> None:
        with pytest.raises(ValueError) as caught:
            parse(content, **scope)
>       assert getattr(caught.value, "code", None) == "REVIEW_OUTPUT_" + code
E       AssertionError: assert None == ('REVIEW_OUTPUT_' + 'SCHEMA_INVALID')
E        +  where None = getattr(1 validation error for ParsedReviewOutput\nfindings.0.line\n  Input should be a valid integer [type=int_type, input_value=False, input_type=bool]\n    For further information visit https://errors.pydantic.dev/2.13/v/int_type, 'code', None)
E        +    where 1 validation error for ParsedReviewOutput\nfindings.0.line\n  Input should be a valid integer [type=int_type, input_value=False, input_type=bool]\n    For further information visit https://errors.pydantic.dev/2.13/v/int_type = <ExceptionInfo 1 validation error for ParsedReviewOutput\nfindings.0.line\n  Input should be a valid integer [type=int_t...ut_value=False, input_type=bool]\n    For further information visit https://errors.pydantic.dev/2.13/v/int_type tblen=4>.value

tests\candidates\test_review_output.py:53: AssertionError
_________ test_finding_types_and_existing_enums_are_strict[line-1.0] __________

field = 'line', value = 1.0

    @pytest.mark.parametrize(
        ("field", "value"),
        [
            ("severity", "HIGH"), ("severity", "info"), ("severity", None),
            ("file", None), ("file", 1), ("acceptance_ref", False),
            ("line", True), ("line", False), ("line", 1.0), ("line", "1"),
            ("line", None), ("line", 0), ("line", -1),
            ("blocking", 0), ("blocking", 1), ("blocking", "false"), ("blocking", None),
            ("behavior", None), ("behavior", 0), ("behavior", ""), ("behavior", " \n\t\r"),
            ("trigger", None), ("trigger", False), ("trigger", ""), ("trigger", "\u2003"),
        ],
    )
    def test_finding_types_and_existing_enums_are_strict(field: str, value: Any) -> None:
>       rejected(wire(finding(**{field: value})), "SCHEMA_INVALID")

tests\candidates\test_review_output.py:160: 
_ _ _ _ _ _ _ _ _ _ _ _ _ _ _ _ _ _ _ _ _ _ _ _ _ _ _ _ _ _ _ _ _ _ _ _ _ _ _ _

content = '{"verdict": "changes_requested", "findings": [{"severity": "high", "file": "src/export.py", "line": 1.0, "behavior": "�ս��û�������׼�ı�ͷ", "trigger": "��ѯû��ƥ����ʱ���õ���", "acceptance_ref": "acceptance:csv-v1", "blocking": true}]}'
code = 'SCHEMA_INVALID', scope = {}

    def rejected(content: Any, code: str, **scope: Any) -> None:
        with pytest.raises(ValueError) as caught:
            parse(content, **scope)
>       assert getattr(caught.value, "code", None) == "REVIEW_OUTPUT_" + code
E       AssertionError: assert None == ('REVIEW_OUTPUT_' + 'SCHEMA_INVALID')
E        +  where None = getattr(1 validation error for ParsedReviewOutput\nfindings.0.line\n  Input should be a valid integer [type=int_type, input_value=1.0, input_type=float]\n    For further information visit https://errors.pydantic.dev/2.13/v/int_type, 'code', None)
E        +    where 1 validation error for ParsedReviewOutput\nfindings.0.line\n  Input should be a valid integer [type=int_type, input_value=1.0, input_type=float]\n    For further information visit https://errors.pydantic.dev/2.13/v/int_type = <ExceptionInfo 1 validation error for ParsedReviewOutput\nfindings.0.line\n  Input should be a valid integer [type=int_t...put_value=1.0, input_type=float]\n    For further information visit https://errors.pydantic.dev/2.13/v/int_type tblen=4>.value

tests\candidates\test_review_output.py:53: AssertionError
__________ test_finding_types_and_existing_enums_are_strict[line-1] ___________

field = 'line', value = '1'

    @pytest.mark.parametrize(
        ("field", "value"),
        [
            ("severity", "HIGH"), ("severity", "info"), ("severity", None),
            ("file", None), ("file", 1), ("acceptance_ref", False),
            ("line", True), ("line", False), ("line", 1.0), ("line", "1"),
            ("line", None), ("line", 0), ("line", -1),
            ("blocking", 0), ("blocking", 1), ("blocking", "false"), ("blocking", None),
            ("behavior", None), ("behavior", 0), ("behavior", ""), ("behavior", " \n\t\r"),
            ("trigger", None), ("trigger", False), ("trigger", ""), ("trigger", "\u2003"),
        ],
    )
    def test_finding_types_and_existing_enums_are_strict(field: str, value: Any) -> None:
>       rejected(wire(finding(**{field: value})), "SCHEMA_INVALID")

tests\candidates\test_review_output.py:160: 
_ _ _ _ _ _ _ _ _ _ _ _ _ _ _ _ _ _ _ _ _ _ _ _ _ _ _ _ _ _ _ _ _ _ _ _ _ _ _ _

content = '{"verdict": "changes_requested", "findings": [{"severity": "high", "file": "src/export.py", "line": "1", "behavior": "�ս��û�������׼�ı�ͷ", "trigger": "��ѯû��ƥ����ʱ���õ���", "acceptance_ref": "acceptance:csv-v1", "blocking": true}]}'
code = 'SCHEMA_INVALID', scope = {}

    def rejected(content: Any, code: str, **scope: Any) -> None:
        with pytest.raises(ValueError) as caught:
            parse(content, **scope)
>       assert getattr(caught.value, "code", None) == "REVIEW_OUTPUT_" + code
E       AssertionError: assert None == ('REVIEW_OUTPUT_' + 'SCHEMA_INVALID')
E        +  where None = getattr(1 validation error for ParsedReviewOutput\nfindings.0.line\n  Input should be a valid integer [type=int_type, input_value='1', input_type=str]\n    For further information visit https://errors.pydantic.dev/2.13/v/int_type, 'code', None)
E        +    where 1 validation error for ParsedReviewOutput\nfindings.0.line\n  Input should be a valid integer [type=int_type, input_value='1', input_type=str]\n    For further information visit https://errors.pydantic.dev/2.13/v/int_type = <ExceptionInfo 1 validation error for ParsedReviewOutput\nfindings.0.line\n  Input should be a valid integer [type=int_t...input_value='1', input_type=str]\n    For further information visit https://errors.pydantic.dev/2.13/v/int_type tblen=4>.value

tests\candidates\test_review_output.py:53: AssertionError
_________ test_finding_types_and_existing_enums_are_strict[line-None] _________

field = 'line', value = None

    @pytest.mark.parametrize(
        ("field", "value"),
        [
            ("severity", "HIGH"), ("severity", "info"), ("severity", None),
            ("file", None), ("file", 1), ("acceptance_ref", False),
            ("line", True), ("line", False), ("line", 1.0), ("line", "1"),
            ("line", None), ("line", 0), ("line", -1),
            ("blocking", 0), ("blocking", 1), ("blocking", "false"), ("blocking", None),
            ("behavior", None), ("behavior", 0), ("behavior", ""), ("behavior", " \n\t\r"),
            ("trigger", None), ("trigger", False), ("trigger", ""), ("trigger", "\u2003"),
        ],
    )
    def test_finding_types_and_existing_enums_are_strict(field: str, value: Any) -> None:
>       rejected(wire(finding(**{field: value})), "SCHEMA_INVALID")

tests\candidates\test_review_output.py:160: 
_ _ _ _ _ _ _ _ _ _ _ _ _ _ _ _ _ _ _ _ _ _ _ _ _ _ _ _ _ _ _ _ _ _ _ _ _ _ _ _

content = '{"verdict": "changes_requested", "findings": [{"severity": "high", "file": "src/export.py", "line": null, "behavior": "�ս��û�������׼�ı�ͷ", "trigger": "��ѯû��ƥ����ʱ���õ���", "acceptance_ref": "acceptance:csv-v1", "blocking": true}]}'
code = 'SCHEMA_INVALID', scope = {}

    def rejected(content: Any, code: str, **scope: Any) -> None:
        with pytest.raises(ValueError) as caught:
            parse(content, **scope)
>       assert getattr(caught.value, "code", None) == "REVIEW_OUTPUT_" + code
E       AssertionError: assert None == ('REVIEW_OUTPUT_' + 'SCHEMA_INVALID')
E        +  where None = getattr(1 validation error for ParsedReviewOutput\nfindings.0.line\n  Input should be a valid integer [type=int_type, input_value=None, input_type=NoneType]\n    For further information visit https://errors.pydantic.dev/2.13/v/int_type, 'code', None)
E        +    where 1 validation error for ParsedReviewOutput\nfindings.0.line\n  Input should be a valid integer [type=int_type, input_value=None, input_type=NoneType]\n    For further information visit https://errors.pydantic.dev/2.13/v/int_type = <ExceptionInfo 1 validation error for ParsedReviewOutput\nfindings.0.line\n  Input should be a valid integer [type=int_t...value=None, input_type=NoneType]\n    For further information visit https://errors.pydantic.dev/2.13/v/int_type tblen=4>.value

tests\candidates\test_review_output.py:53: AssertionError
__________ test_finding_types_and_existing_enums_are_strict[line-0] ___________

field = 'line', value = 0

    @pytest.mark.parametrize(
        ("field", "value"),
        [
            ("severity", "HIGH"), ("severity", "info"), ("severity", None),
            ("file", None), ("file", 1), ("acceptance_ref", False),
            ("line", True), ("line", False), ("line", 1.0), ("line", "1"),
            ("line", None), ("line", 0), ("line", -1),
            ("blocking", 0), ("blocking", 1), ("blocking", "false"), ("blocking", None),
            ("behavior", None), ("behavior", 0), ("behavior", ""), ("behavior", " \n\t\r"),
            ("trigger", None), ("trigger", False), ("trigger", ""), ("trigger", "\u2003"),
        ],
    )
    def test_finding_types_and_existing_enums_are_strict(field: str, value: Any) -> None:
>       rejected(wire(finding(**{field: value})), "SCHEMA_INVALID")

tests\candidates\test_review_output.py:160: 
_ _ _ _ _ _ _ _ _ _ _ _ _ _ _ _ _ _ _ _ _ _ _ _ _ _ _ _ _ _ _ _ _ _ _ _ _ _ _ _

content = '{"verdict": "changes_requested", "findings": [{"severity": "high", "file": "src/export.py", "line": 0, "behavior": "�ս��û�������׼�ı�ͷ", "trigger": "��ѯû��ƥ����ʱ���õ���", "acceptance_ref": "acceptance:csv-v1", "blocking": true}]}'
code = 'SCHEMA_INVALID', scope = {}

    def rejected(content: Any, code: str, **scope: Any) -> None:
        with pytest.raises(ValueError) as caught:
            parse(content, **scope)
>       assert getattr(caught.value, "code", None) == "REVIEW_OUTPUT_" + code
E       AssertionError: assert None == ('REVIEW_OUTPUT_' + 'SCHEMA_INVALID')
E        +  where None = getattr(1 validation error for ParsedReviewOutput\nfindings.0.line\n  Input should be greater than 0 [type=greater_than, input_value=0, input_type=int]\n    For further information visit https://errors.pydantic.dev/2.13/v/greater_than, 'code', None)
E        +    where 1 validation error for ParsedReviewOutput\nfindings.0.line\n  Input should be greater than 0 [type=greater_than, input_value=0, input_type=int]\n    For further information visit https://errors.pydantic.dev/2.13/v/greater_than = <ExceptionInfo 1 validation error for ParsedReviewOutput\nfindings.0.line\n  Input should be greater than 0 [type=greate...put_value=0, input_type=int]\n    For further information visit https://errors.pydantic.dev/2.13/v/greater_than tblen=4>.value

tests\candidates\test_review_output.py:53: AssertionError
__________ test_finding_types_and_existing_enums_are_strict[line--1] __________

field = 'line', value = -1

    @pytest.mark.parametrize(
        ("field", "value"),
        [
            ("severity", "HIGH"), ("severity", "info"), ("severity", None),
            ("file", None), ("file", 1), ("acceptance_ref", False),
            ("line", True), ("line", False), ("line", 1.0), ("line", "1"),
            ("line", None), ("line", 0), ("line", -1),
            ("blocking", 0), ("blocking", 1), ("blocking", "false"), ("blocking", None),
            ("behavior", None), ("behavior", 0), ("behavior", ""), ("behavior", " \n\t\r"),
            ("trigger", None), ("trigger", False), ("trigger", ""), ("trigger", "\u2003"),
        ],
    )
    def test_finding_types_and_existing_enums_are_strict(field: str, value: Any) -> None:
>       rejected(wire(finding(**{field: value})), "SCHEMA_INVALID")

tests\candidates\test_review_output.py:160: 
_ _ _ _ _ _ _ _ _ _ _ _ _ _ _ _ _ _ _ _ _ _ _ _ _ _ _ _ _ _ _ _ _ _ _ _ _ _ _ _

content = '{"verdict": "changes_requested", "findings": [{"severity": "high", "file": "src/export.py", "line": -1, "behavior": "�ս��û�������׼�ı�ͷ", "trigger": "��ѯû��ƥ����ʱ���õ���", "acceptance_ref": "acceptance:csv-v1", "blocking": true}]}'
code = 'SCHEMA_INVALID', scope = {}

    def rejected(content: Any, code: str, **scope: Any) -> None:
        with pytest.raises(ValueError) as caught:
            parse(content, **scope)
>       assert getattr(caught.value, "code", None) == "REVIEW_OUTPUT_" + code
E       AssertionError: assert None == ('REVIEW_OUTPUT_' + 'SCHEMA_INVALID')
E        +  where None = getattr(1 validation error for ParsedReviewOutput\nfindings.0.line\n  Input should be greater than 0 [type=greater_than, input_value=-1, input_type=int]\n    For further information visit https://errors.pydantic.dev/2.13/v/greater_than, 'code', None)
E        +    where 1 validation error for ParsedReviewOutput\nfindings.0.line\n  Input should be greater than 0 [type=greater_than, input_value=-1, input_type=int]\n    For further information visit https://errors.pydantic.dev/2.13/v/greater_than = <ExceptionInfo 1 validation error for ParsedReviewOutput\nfindings.0.line\n  Input should be greater than 0 [type=greate...ut_value=-1, input_type=int]\n    For further information visit https://errors.pydantic.dev/2.13/v/greater_than tblen=4>.value

tests\candidates\test_review_output.py:53: AssertionError
________ test_finding_types_and_existing_enums_are_strict[blocking-0] _________

field = 'blocking', value = 0

    @pytest.mark.parametrize(
        ("field", "value"),
        [
            ("severity", "HIGH"), ("severity", "info"), ("severity", None),
            ("file", None), ("file", 1), ("acceptance_ref", False),
            ("line", True), ("line", False), ("line", 1.0), ("line", "1"),
            ("line", None), ("line", 0), ("line", -1),
            ("blocking", 0), ("blocking", 1), ("blocking", "false"), ("blocking", None),
            ("behavior", None), ("behavior", 0), ("behavior", ""), ("behavior", " \n\t\r"),
            ("trigger", None), ("trigger", False), ("trigger", ""), ("trigger", "\u2003"),
        ],
    )
    def test_finding_types_and_existing_enums_are_strict(field: str, value: Any) -> None:
>       rejected(wire(finding(**{field: value})), "SCHEMA_INVALID")

tests\candidates\test_review_output.py:160: 
_ _ _ _ _ _ _ _ _ _ _ _ _ _ _ _ _ _ _ _ _ _ _ _ _ _ _ _ _ _ _ _ _ _ _ _ _ _ _ _

content = '{"verdict": "changes_requested", "findings": [{"severity": "high", "file": "src/export.py", "line": 27, "behavior": "�ս��û�������׼�ı�ͷ", "trigger": "��ѯû��ƥ����ʱ���õ���", "acceptance_ref": "acceptance:csv-v1", "blocking": 0}]}'
code = 'SCHEMA_INVALID', scope = {}

    def rejected(content: Any, code: str, **scope: Any) -> None:
        with pytest.raises(ValueError) as caught:
            parse(content, **scope)
>       assert getattr(caught.value, "code", None) == "REVIEW_OUTPUT_" + code
E       AssertionError: assert None == ('REVIEW_OUTPUT_' + 'SCHEMA_INVALID')
E        +  where None = getattr(1 validation error for ParsedReviewOutput\nfindings.0.blocking\n  Input should be a valid boolean [type=bool_type, input_value=0, input_type=int]\n    For further information visit https://errors.pydantic.dev/2.13/v/bool_type, 'code', None)
E        +    where 1 validation error for ParsedReviewOutput\nfindings.0.blocking\n  Input should be a valid boolean [type=bool_type, input_value=0, input_type=int]\n    For further information visit https://errors.pydantic.dev/2.13/v/bool_type = <ExceptionInfo 1 validation error for ParsedReviewOutput\nfindings.0.blocking\n  Input should be a valid boolean [type=b... input_value=0, input_type=int]\n    For further information visit https://errors.pydantic.dev/2.13/v/bool_type tblen=4>.value

tests\candidates\test_review_output.py:53: AssertionError
________ test_finding_types_and_existing_enums_are_strict[blocking-1] _________

field = 'blocking', value = 1

    @pytest.mark.parametrize(
        ("field", "value"),
        [
            ("severity", "HIGH"), ("severity", "info"), ("severity", None),
            ("file", None), ("file", 1), ("acceptance_ref", False),
            ("line", True), ("line", False), ("line", 1.0), ("line", "1"),
            ("line", None), ("line", 0), ("line", -1),
            ("blocking", 0), ("blocking", 1), ("blocking", "false"), ("blocking", None),
            ("behavior", None), ("behavior", 0), ("behavior", ""), ("behavior", " \n\t\r"),
            ("trigger", None), ("trigger", False), ("trigger", ""), ("trigger", "\u2003"),
        ],
    )
    def test_finding_types_and_existing_enums_are_strict(field: str, value: Any) -> None:
>       rejected(wire(finding(**{field: value})), "SCHEMA_INVALID")

tests\candidates\test_review_output.py:160: 
_ _ _ _ _ _ _ _ _ _ _ _ _ _ _ _ _ _ _ _ _ _ _ _ _ _ _ _ _ _ _ _ _ _ _ _ _ _ _ _

content = '{"verdict": "changes_requested", "findings": [{"severity": "high", "file": "src/export.py", "line": 27, "behavior": "�ս��û�������׼�ı�ͷ", "trigger": "��ѯû��ƥ����ʱ���õ���", "acceptance_ref": "acceptance:csv-v1", "blocking": 1}]}'
code = 'SCHEMA_INVALID', scope = {}

    def rejected(content: Any, code: str, **scope: Any) -> None:
        with pytest.raises(ValueError) as caught:
            parse(content, **scope)
>       assert getattr(caught.value, "code", None) == "REVIEW_OUTPUT_" + code
E       AssertionError: assert None == ('REVIEW_OUTPUT_' + 'SCHEMA_INVALID')
E        +  where None = getattr(1 validation error for ParsedReviewOutput\nfindings.0.blocking\n  Input should be a valid boolean [type=bool_type, input_value=1, input_type=int]\n    For further information visit https://errors.pydantic.dev/2.13/v/bool_type, 'code', None)
E        +    where 1 validation error for ParsedReviewOutput\nfindings.0.blocking\n  Input should be a valid boolean [type=bool_type, input_value=1, input_type=int]\n    For further information visit https://errors.pydantic.dev/2.13/v/bool_type = <ExceptionInfo 1 validation error for ParsedReviewOutput\nfindings.0.blocking\n  Input should be a valid boolean [type=b... input_value=1, input_type=int]\n    For further information visit https://errors.pydantic.dev/2.13/v/bool_type tblen=4>.value

tests\candidates\test_review_output.py:53: AssertionError
______ test_finding_types_and_existing_enums_are_strict[blocking-false] _______

field = 'blocking', value = 'false'

    @pytest.mark.parametrize(
        ("field", "value"),
        [
            ("severity", "HIGH"), ("severity", "info"), ("severity", None),
            ("file", None), ("file", 1), ("acceptance_ref", False),
            ("line", True), ("line", False), ("line", 1.0), ("line", "1"),
            ("line", None), ("line", 0), ("line", -1),
            ("blocking", 0), ("blocking", 1), ("blocking", "false"), ("blocking", None),
            ("behavior", None), ("behavior", 0), ("behavior", ""), ("behavior", " \n\t\r"),
            ("trigger", None), ("trigger", False), ("trigger", ""), ("trigger", "\u2003"),
        ],
    )
    def test_finding_types_and_existing_enums_are_strict(field: str, value: Any) -> None:
>       rejected(wire(finding(**{field: value})), "SCHEMA_INVALID")

tests\candidates\test_review_output.py:160: 
_ _ _ _ _ _ _ _ _ _ _ _ _ _ _ _ _ _ _ _ _ _ _ _ _ _ _ _ _ _ _ _ _ _ _ _ _ _ _ _

content = '{"verdict": "changes_requested", "findings": [{"severity": "high", "file": "src/export.py", "line": 27, "behavior": "�ս��û�������׼�ı�ͷ", "trigger": "��ѯû��ƥ����ʱ���õ���", "acceptance_ref": "acceptance:csv-v1", "blocking": "false"}]}'
code = 'SCHEMA_INVALID', scope = {}

    def rejected(content: Any, code: str, **scope: Any) -> None:
        with pytest.raises(ValueError) as caught:
            parse(content, **scope)
>       assert getattr(caught.value, "code", None) == "REVIEW_OUTPUT_" + code
E       AssertionError: assert None == ('REVIEW_OUTPUT_' + 'SCHEMA_INVALID')
E        +  where None = getattr(1 validation error for ParsedReviewOutput\nfindings.0.blocking\n  Input should be a valid boolean [type=bool_type, input_value='false', input_type=str]\n    For further information visit https://errors.pydantic.dev/2.13/v/bool_type, 'code', None)
E        +    where 1 validation error for ParsedReviewOutput\nfindings.0.blocking\n  Input should be a valid boolean [type=bool_type, input_value='false', input_type=str]\n    For further information visit https://errors.pydantic.dev/2.13/v/bool_type = <ExceptionInfo 1 validation error for ParsedReviewOutput\nfindings.0.blocking\n  Input should be a valid boolean [type=b..._value='false', input_type=str]\n    For further information visit https://errors.pydantic.dev/2.13/v/bool_type tblen=4>.value

tests\candidates\test_review_output.py:53: AssertionError
_______ test_finding_types_and_existing_enums_are_strict[blocking-None] _______

field = 'blocking', value = None

    @pytest.mark.parametrize(
        ("field", "value"),
        [
            ("severity", "HIGH"), ("severity", "info"), ("severity", None),
            ("file", None), ("file", 1), ("acceptance_ref", False),
            ("line", True), ("line", False), ("line", 1.0), ("line", "1"),
            ("line", None), ("line", 0), ("line", -1),
            ("blocking", 0), ("blocking", 1), ("blocking", "false"), ("blocking", None),
            ("behavior", None), ("behavior", 0), ("behavior", ""), ("behavior", " \n\t\r"),
            ("trigger", None), ("trigger", False), ("trigger", ""), ("trigger", "\u2003"),
        ],
    )
    def test_finding_types_and_existing_enums_are_strict(field: str, value: Any) -> None:
>       rejected(wire(finding(**{field: value})), "SCHEMA_INVALID")

tests\candidates\test_review_output.py:160: 
_ _ _ _ _ _ _ _ _ _ _ _ _ _ _ _ _ _ _ _ _ _ _ _ _ _ _ _ _ _ _ _ _ _ _ _ _ _ _ _

content = '{"verdict": "changes_requested", "findings": [{"severity": "high", "file": "src/export.py", "line": 27, "behavior": "�ս��û�������׼�ı�ͷ", "trigger": "��ѯû��ƥ����ʱ���õ���", "acceptance_ref": "acceptance:csv-v1", "blocking": null}]}'
code = 'SCHEMA_INVALID', scope = {}

    def rejected(content: Any, code: str, **scope: Any) -> None:
        with pytest.raises(ValueError) as caught:
            parse(content, **scope)
>       assert getattr(caught.value, "code", None) == "REVIEW_OUTPUT_" + code
E       AssertionError: assert None == ('REVIEW_OUTPUT_' + 'SCHEMA_INVALID')
E        +  where None = getattr(1 validation error for ParsedReviewOutput\nfindings.0.blocking\n  Input should be a valid boolean [type=bool_type, input_value=None, input_type=NoneType]\n    For further information visit https://errors.pydantic.dev/2.13/v/bool_type, 'code', None)
E        +    where 1 validation error for ParsedReviewOutput\nfindings.0.blocking\n  Input should be a valid boolean [type=bool_type, input_value=None, input_type=NoneType]\n    For further information visit https://errors.pydantic.dev/2.13/v/bool_type = <ExceptionInfo 1 validation error for ParsedReviewOutput\nfindings.0.blocking\n  Input should be a valid boolean [type=b...alue=None, input_type=NoneType]\n    For further information visit https://errors.pydantic.dev/2.13/v/bool_type tblen=4>.value

tests\candidates\test_review_output.py:53: AssertionError
_______ test_finding_types_and_existing_enums_are_strict[behavior-None] _______

field = 'behavior', value = None

    @pytest.mark.parametrize(
        ("field", "value"),
        [
            ("severity", "HIGH"), ("severity", "info"), ("severity", None),
            ("file", None), ("file", 1), ("acceptance_ref", False),
            ("line", True), ("line", False), ("line", 1.0), ("line", "1"),
            ("line", None), ("line", 0), ("line", -1),
            ("blocking", 0), ("blocking", 1), ("blocking", "false"), ("blocking", None),
            ("behavior", None), ("behavior", 0), ("behavior", ""), ("behavior", " \n\t\r"),
            ("trigger", None), ("trigger", False), ("trigger", ""), ("trigger", "\u2003"),
        ],
    )
    def test_finding_types_and_existing_enums_are_strict(field: str, value: Any) -> None:
>       rejected(wire(finding(**{field: value})), "SCHEMA_INVALID")

tests\candidates\test_review_output.py:160: 
_ _ _ _ _ _ _ _ _ _ _ _ _ _ _ _ _ _ _ _ _ _ _ _ _ _ _ _ _ _ _ _ _ _ _ _ _ _ _ _

content = '{"verdict": "changes_requested", "findings": [{"severity": "high", "file": "src/export.py", "line": 27, "behavior": null, "trigger": "��ѯû��ƥ����ʱ���õ���", "acceptance_ref": "acceptance:csv-v1", "blocking": true}]}'
code = 'SCHEMA_INVALID', scope = {}

    def rejected(content: Any, code: str, **scope: Any) -> None:
        with pytest.raises(ValueError) as caught:
            parse(content, **scope)
>       assert getattr(caught.value, "code", None) == "REVIEW_OUTPUT_" + code
E       AssertionError: assert None == ('REVIEW_OUTPUT_' + 'SCHEMA_INVALID')
E        +  where None = getattr(1 validation error for ParsedReviewOutput\nfindings.0.behavior\n  Input should be a valid string [type=string_type, input_value=None, input_type=NoneType]\n    For further information visit https://errors.pydantic.dev/2.13/v/string_type, 'code', None)
E        +    where 1 validation error for ParsedReviewOutput\nfindings.0.behavior\n  Input should be a valid string [type=string_type, input_value=None, input_type=NoneType]\n    For further information visit https://errors.pydantic.dev/2.13/v/string_type = <ExceptionInfo 1 validation error for ParsedReviewOutput\nfindings.0.behavior\n  Input should be a valid string [type=st...ue=None, input_type=NoneType]\n    For further information visit https://errors.pydantic.dev/2.13/v/string_type tblen=4>.value

tests\candidates\test_review_output.py:53: AssertionError
________ test_finding_types_and_existing_enums_are_strict[behavior-0] _________

field = 'behavior', value = 0

    @pytest.mark.parametrize(
        ("field", "value"),
        [
            ("severity", "HIGH"), ("severity", "info"), ("severity", None),
            ("file", None), ("file", 1), ("acceptance_ref", False),
            ("line", True), ("line", False), ("line", 1.0), ("line", "1"),
            ("line", None), ("line", 0), ("line", -1),
            ("blocking", 0), ("blocking", 1), ("blocking", "false"), ("blocking", None),
            ("behavior", None), ("behavior", 0), ("behavior", ""), ("behavior", " \n\t\r"),
            ("trigger", None), ("trigger", False), ("trigger", ""), ("trigger", "\u2003"),
        ],
    )
    def test_finding_types_and_existing_enums_are_strict(field: str, value: Any) -> None:
>       rejected(wire(finding(**{field: value})), "SCHEMA_INVALID")

tests\candidates\test_review_output.py:160: 
_ _ _ _ _ _ _ _ _ _ _ _ _ _ _ _ _ _ _ _ _ _ _ _ _ _ _ _ _ _ _ _ _ _ _ _ _ _ _ _

content = '{"verdict": "changes_requested", "findings": [{"severity": "high", "file": "src/export.py", "line": 27, "behavior": 0, "trigger": "��ѯû��ƥ����ʱ���õ���", "acceptance_ref": "acceptance:csv-v1", "blocking": true}]}'
code = 'SCHEMA_INVALID', scope = {}

    def rejected(content: Any, code: str, **scope: Any) -> None:
        with pytest.raises(ValueError) as caught:
            parse(content, **scope)
>       assert getattr(caught.value, "code", None) == "REVIEW_OUTPUT_" + code
E       AssertionError: assert None == ('REVIEW_OUTPUT_' + 'SCHEMA_INVALID')
E        +  where None = getattr(1 validation error for ParsedReviewOutput\nfindings.0.behavior\n  Input should be a valid string [type=string_type, input_value=0, input_type=int]\n    For further information visit https://errors.pydantic.dev/2.13/v/string_type, 'code', None)
E        +    where 1 validation error for ParsedReviewOutput\nfindings.0.behavior\n  Input should be a valid string [type=string_type, input_value=0, input_type=int]\n    For further information visit https://errors.pydantic.dev/2.13/v/string_type = <ExceptionInfo 1 validation error for ParsedReviewOutput\nfindings.0.behavior\n  Input should be a valid string [type=st...nput_value=0, input_type=int]\n    For further information visit https://errors.pydantic.dev/2.13/v/string_type tblen=4>.value

tests\candidates\test_review_output.py:53: AssertionError
_________ test_finding_types_and_existing_enums_are_strict[behavior-] _________

field = 'behavior', value = ''

    @pytest.mark.parametrize(
        ("field", "value"),
        [
            ("severity", "HIGH"), ("severity", "info"), ("severity", None),
            ("file", None), ("file", 1), ("acceptance_ref", False),
            ("line", True), ("line", False), ("line", 1.0), ("line", "1"),
            ("line", None), ("line", 0), ("line", -1),
            ("blocking", 0), ("blocking", 1), ("blocking", "false"), ("blocking", None),
            ("behavior", None), ("behavior", 0), ("behavior", ""), ("behavior", " \n\t\r"),
            ("trigger", None), ("trigger", False), ("trigger", ""), ("trigger", "\u2003"),
        ],
    )
    def test_finding_types_and_existing_enums_are_strict(field: str, value: Any) -> None:
>       rejected(wire(finding(**{field: value})), "SCHEMA_INVALID")

tests\candidates\test_review_output.py:160: 
_ _ _ _ _ _ _ _ _ _ _ _ _ _ _ _ _ _ _ _ _ _ _ _ _ _ _ _ _ _ _ _ _ _ _ _ _ _ _ _

content = '{"verdict": "changes_requested", "findings": [{"severity": "high", "file": "src/export.py", "line": 27, "behavior": "", "trigger": "��ѯû��ƥ����ʱ���õ���", "acceptance_ref": "acceptance:csv-v1", "blocking": true}]}'
code = 'SCHEMA_INVALID', scope = {}

    def rejected(content: Any, code: str, **scope: Any) -> None:
        with pytest.raises(ValueError) as caught:
            parse(content, **scope)
>       assert getattr(caught.value, "code", None) == "REVIEW_OUTPUT_" + code
E       AssertionError: assert None == ('REVIEW_OUTPUT_' + 'SCHEMA_INVALID')
E        +  where None = getattr(1 validation error for ParsedReviewOutput\nfindings.0.behavior\n  String should have at least 1 character [type=string_t..., input_value='', input_type=str]\n    For further information visit https://errors.pydantic.dev/2.13/v/string_too_short, 'code', None)
E        +    where 1 validation error for ParsedReviewOutput\nfindings.0.behavior\n  String should have at least 1 character [type=string_t..., input_value='', input_type=str]\n    For further information visit https://errors.pydantic.dev/2.13/v/string_too_short = <ExceptionInfo 1 validation error for ParsedReviewOutput\nfindings.0.behavior\n  String should have at least 1 character...alue='', input_type=str]\n    For further information visit https://errors.pydantic.dev/2.13/v/string_too_short tblen=4>.value

tests\candidates\test_review_output.py:53: AssertionError
_____ test_finding_types_and_existing_enums_are_strict[behavior- \n\t\r] ______

field = 'behavior', value = ' \n\t\r'

    @pytest.mark.parametrize(
        ("field", "value"),
        [
            ("severity", "HIGH"), ("severity", "info"), ("severity", None),
            ("file", None), ("file", 1), ("acceptance_ref", False),
            ("line", True), ("line", False), ("line", 1.0), ("line", "1"),
            ("line", None), ("line", 0), ("line", -1),
            ("blocking", 0), ("blocking", 1), ("blocking", "false"), ("blocking", None),
            ("behavior", None), ("behavior", 0), ("behavior", ""), ("behavior", " \n\t\r"),
            ("trigger", None), ("trigger", False), ("trigger", ""), ("trigger", "\u2003"),
        ],
    )
    def test_finding_types_and_existing_enums_are_strict(field: str, value: Any) -> None:
>       rejected(wire(finding(**{field: value})), "SCHEMA_INVALID")

tests\candidates\test_review_output.py:160: 
_ _ _ _ _ _ _ _ _ _ _ _ _ _ _ _ _ _ _ _ _ _ _ _ _ _ _ _ _ _ _ _ _ _ _ _ _ _ _ _

content = '{"verdict": "changes_requested", "findings": [{"severity": "high", "file": "src/export.py", "line": 27, "behavior": " \\n\\t\\r", "trigger": "��ѯû��ƥ����ʱ���õ���", "acceptance_ref": "acceptance:csv-v1", "blocking": true}]}'
code = 'SCHEMA_INVALID', scope = {}

    def rejected(content: Any, code: str, **scope: Any) -> None:
>       with pytest.raises(ValueError) as caught:
             ^^^^^^^^^^^^^^^^^^^^^^^^^
E       Failed: DID NOT RAISE ValueError

tests\candidates\test_review_output.py:51: Failed
_______ test_finding_types_and_existing_enums_are_strict[trigger-None] ________

field = 'trigger', value = None

    @pytest.mark.parametrize(
        ("field", "value"),
        [
            ("severity", "HIGH"), ("severity", "info"), ("severity", None),
            ("file", None), ("file", 1), ("acceptance_ref", False),
            ("line", True), ("line", False), ("line", 1.0), ("line", "1"),
            ("line", None), ("line", 0), ("line", -1),
            ("blocking", 0), ("blocking", 1), ("blocking", "false"), ("blocking", None),
            ("behavior", None), ("behavior", 0), ("behavior", ""), ("behavior", " \n\t\r"),
            ("trigger", None), ("trigger", False), ("trigger", ""), ("trigger", "\u2003"),
        ],
    )
    def test_finding_types_and_existing_enums_are_strict(field: str, value: Any) -> None:
>       rejected(wire(finding(**{field: value})), "SCHEMA_INVALID")

tests\candidates\test_review_output.py:160: 
_ _ _ _ _ _ _ _ _ _ _ _ _ _ _ _ _ _ _ _ _ _ _ _ _ _ _ _ _ _ _ _ _ _ _ _ _ _ _ _

content = '{"verdict": "changes_requested", "findings": [{"severity": "high", "file": "src/export.py", "line": 27, "behavior": "�ս��û�������׼�ı�ͷ", "trigger": null, "acceptance_ref": "acceptance:csv-v1", "blocking": true}]}'
code = 'SCHEMA_INVALID', scope = {}

    def rejected(content: Any, code: str, **scope: Any) -> None:
        with pytest.raises(ValueError) as caught:
            parse(content, **scope)
>       assert getattr(caught.value, "code", None) == "REVIEW_OUTPUT_" + code
E       AssertionError: assert None == ('REVIEW_OUTPUT_' + 'SCHEMA_INVALID')
E        +  where None = getattr(1 validation error for ParsedReviewOutput\nfindings.0.trigger\n  Input should be a valid string [type=string_type, input_value=None, input_type=NoneType]\n    For further information visit https://errors.pydantic.dev/2.13/v/string_type, 'code', None)
E        +    where 1 validation error for ParsedReviewOutput\nfindings.0.trigger\n  Input should be a valid string [type=string_type, input_value=None, input_type=NoneType]\n    For further information visit https://errors.pydantic.dev/2.13/v/string_type = <ExceptionInfo 1 validation error for ParsedReviewOutput\nfindings.0.trigger\n  Input should be a valid string [type=str...ue=None, input_type=NoneType]\n    For further information visit https://errors.pydantic.dev/2.13/v/string_type tblen=4>.value

tests\candidates\test_review_output.py:53: AssertionError
_______ test_finding_types_and_existing_enums_are_strict[trigger-False] _______

field = 'trigger', value = False

    @pytest.mark.parametrize(
        ("field", "value"),
        [
            ("severity", "HIGH"), ("severity", "info"), ("severity", None),
            ("file", None), ("file", 1), ("acceptance_ref", False),
            ("line", True), ("line", False), ("line", 1.0), ("line", "1"),
            ("line", None), ("line", 0), ("line", -1),
            ("blocking", 0), ("blocking", 1), ("blocking", "false"), ("blocking", None),
            ("behavior", None), ("behavior", 0), ("behavior", ""), ("behavior", " \n\t\r"),
            ("trigger", None), ("trigger", False), ("trigger", ""), ("trigger", "\u2003"),
        ],
    )
    def test_finding_types_and_existing_enums_are_strict(field: str, value: Any) -> None:
>       rejected(wire(finding(**{field: value})), "SCHEMA_INVALID")

tests\candidates\test_review_output.py:160: 
_ _ _ _ _ _ _ _ _ _ _ _ _ _ _ _ _ _ _ _ _ _ _ _ _ _ _ _ _ _ _ _ _ _ _ _ _ _ _ _

content = '{"verdict": "changes_requested", "findings": [{"severity": "high", "file": "src/export.py", "line": 27, "behavior": "�ս��û�������׼�ı�ͷ", "trigger": false, "acceptance_ref": "acceptance:csv-v1", "blocking": true}]}'
code = 'SCHEMA_INVALID', scope = {}

    def rejected(content: Any, code: str, **scope: Any) -> None:
        with pytest.raises(ValueError) as caught:
            parse(content, **scope)
>       assert getattr(caught.value, "code", None) == "REVIEW_OUTPUT_" + code
E       AssertionError: assert None == ('REVIEW_OUTPUT_' + 'SCHEMA_INVALID')
E        +  where None = getattr(1 validation error for ParsedReviewOutput\nfindings.0.trigger\n  Input should be a valid string [type=string_type, input_value=False, input_type=bool]\n    For further information visit https://errors.pydantic.dev/2.13/v/string_type, 'code', None)
E        +    where 1 validation error for ParsedReviewOutput\nfindings.0.trigger\n  Input should be a valid string [type=string_type, input_value=False, input_type=bool]\n    For further information visit https://errors.pydantic.dev/2.13/v/string_type = <ExceptionInfo 1 validation error for ParsedReviewOutput\nfindings.0.trigger\n  Input should be a valid string [type=str...value=False, input_type=bool]\n    For further information visit https://errors.pydantic.dev/2.13/v/string_type tblen=4>.value

tests\candidates\test_review_output.py:53: AssertionError
_________ test_finding_types_and_existing_enums_are_strict[trigger-] __________

field = 'trigger', value = ''

    @pytest.mark.parametrize(
        ("field", "value"),
        [
            ("severity", "HIGH"), ("severity", "info"), ("severity", None),
            ("file", None), ("file", 1), ("acceptance_ref", False),
            ("line", True), ("line", False), ("line", 1.0), ("line", "1"),
            ("line", None), ("line", 0), ("line", -1),
            ("blocking", 0), ("blocking", 1), ("blocking", "false"), ("blocking", None),
            ("behavior", None), ("behavior", 0), ("behavior", ""), ("behavior", " \n\t\r"),
            ("trigger", None), ("trigger", False), ("trigger", ""), ("trigger", "\u2003"),
        ],
    )
    def test_finding_types_and_existing_enums_are_strict(field: str, value: Any) -> None:
>       rejected(wire(finding(**{field: value})), "SCHEMA_INVALID")

tests\candidates\test_review_output.py:160: 
_ _ _ _ _ _ _ _ _ _ _ _ _ _ _ _ _ _ _ _ _ _ _ _ _ _ _ _ _ _ _ _ _ _ _ _ _ _ _ _

content = '{"verdict": "changes_requested", "findings": [{"severity": "high", "file": "src/export.py", "line": 27, "behavior": "�ս��û�������׼�ı�ͷ", "trigger": "", "acceptance_ref": "acceptance:csv-v1", "blocking": true}]}'
code = 'SCHEMA_INVALID', scope = {}

    def rejected(content: Any, code: str, **scope: Any) -> None:
        with pytest.raises(ValueError) as caught:
            parse(content, **scope)
>       assert getattr(caught.value, "code", None) == "REVIEW_OUTPUT_" + code
E       AssertionError: assert None == ('REVIEW_OUTPUT_' + 'SCHEMA_INVALID')
E        +  where None = getattr(1 validation error for ParsedReviewOutput\nfindings.0.trigger\n  String should have at least 1 character [type=string_to..., input_value='', input_type=str]\n    For further information visit https://errors.pydantic.dev/2.13/v/string_too_short, 'code', None)
E        +    where 1 validation error for ParsedReviewOutput\nfindings.0.trigger\n  String should have at least 1 character [type=string_to..., input_value='', input_type=str]\n    For further information visit https://errors.pydantic.dev/2.13/v/string_too_short = <ExceptionInfo 1 validation error for ParsedReviewOutput\nfindings.0.trigger\n  String should have at least 1 character ...alue='', input_type=str]\n    For further information visit https://errors.pydantic.dev/2.13/v/string_too_short tblen=4>.value

tests\candidates\test_review_output.py:53: AssertionError
______ test_finding_types_and_existing_enums_are_strict[trigger-\u2003] _______

field = 'trigger', value = '\u2003'

    @pytest.mark.parametrize(
        ("field", "value"),
        [
            ("severity", "HIGH"), ("severity", "info"), ("severity", None),
            ("file", None), ("file", 1), ("acceptance_ref", False),
            ("line", True), ("line", False), ("line", 1.0), ("line", "1"),
            ("line", None), ("line", 0), ("line", -1),
            ("blocking", 0), ("blocking", 1), ("blocking", "false"), ("blocking", None),
            ("behavior", None), ("behavior", 0), ("behavior", ""), ("behavior", " \n\t\r"),
            ("trigger", None), ("trigger", False), ("trigger", ""), ("trigger", "\u2003"),
        ],
    )
    def test_finding_types_and_existing_enums_are_strict(field: str, value: Any) -> None:
>       rejected(wire(finding(**{field: value})), "SCHEMA_INVALID")

tests\candidates\test_review_output.py:160: 
_ _ _ _ _ _ _ _ _ _ _ _ _ _ _ _ _ _ _ _ _ _ _ _ _ _ _ _ _ _ _ _ _ _ _ _ _ _ _ _

content = '{"verdict": "changes_requested", "findings": [{"severity": "high", "file": "src/export.py", "line": 27, "behavior": "�ս��û�������׼�ı�ͷ", "trigger": "\u2003", "acceptance_ref": "acceptance:csv-v1", "blocking": true}]}'
code = 'SCHEMA_INVALID', scope = {}

    def rejected(content: Any, code: str, **scope: Any) -> None:
>       with pytest.raises(ValueError) as caught:
             ^^^^^^^^^^^^^^^^^^^^^^^^^
E       Failed: DID NOT RAISE ValueError

tests\candidates\test_review_output.py:51: Failed
__________ test_free_text_rejects_disallowed_c0_controls[0-behavior] __________

field = 'behavior', codepoint = 0

    @pytest.mark.parametrize("field", ["behavior", "trigger"])
    @pytest.mark.parametrize("codepoint", [i for i in range(32) if i not in (9, 10, 13)])
    def test_free_text_rejects_disallowed_c0_controls(field: str, codepoint: int) -> None:
>       rejected(wire(finding(**{field: "x" + chr(codepoint)})), "SCHEMA_INVALID")

tests\candidates\test_review_output.py:166: 
_ _ _ _ _ _ _ _ _ _ _ _ _ _ _ _ _ _ _ _ _ _ _ _ _ _ _ _ _ _ _ _ _ _ _ _ _ _ _ _

content = '{"verdict": "changes_requested", "findings": [{"severity": "high", "file": "src/export.py", "line": 27, "behavior": "x\\u0000", "trigger": "��ѯû��ƥ����ʱ���õ���", "acceptance_ref": "acceptance:csv-v1", "blocking": true}]}'
code = 'SCHEMA_INVALID', scope = {}

    def rejected(content: Any, code: str, **scope: Any) -> None:
>       with pytest.raises(ValueError) as caught:
             ^^^^^^^^^^^^^^^^^^^^^^^^^
E       Failed: DID NOT RAISE ValueError

tests\candidates\test_review_output.py:51: Failed
__________ test_free_text_rejects_disallowed_c0_controls[0-trigger] ___________

field = 'trigger', codepoint = 0

    @pytest.mark.parametrize("field", ["behavior", "trigger"])
    @pytest.mark.parametrize("codepoint", [i for i in range(32) if i not in (9, 10, 13)])
    def test_free_text_rejects_disallowed_c0_controls(field: str, codepoint: int) -> None:
>       rejected(wire(finding(**{field: "x" + chr(codepoint)})), "SCHEMA_INVALID")

tests\candidates\test_review_output.py:166: 
_ _ _ _ _ _ _ _ _ _ _ _ _ _ _ _ _ _ _ _ _ _ _ _ _ _ _ _ _ _ _ _ _ _ _ _ _ _ _ _

content = '{"verdict": "changes_requested", "findings": [{"severity": "high", "file": "src/export.py", "line": 27, "behavior": "�ս��û�������׼�ı�ͷ", "trigger": "x\\u0000", "acceptance_ref": "acceptance:csv-v1", "blocking": true}]}'
code = 'SCHEMA_INVALID', scope = {}

    def rejected(content: Any, code: str, **scope: Any) -> None:
>       with pytest.raises(ValueError) as caught:
             ^^^^^^^^^^^^^^^^^^^^^^^^^
E       Failed: DID NOT RAISE ValueError

tests\candidates\test_review_output.py:51: Failed
__________ test_free_text_rejects_disallowed_c0_controls[1-behavior] __________

field = 'behavior', codepoint = 1

    @pytest.mark.parametrize("field", ["behavior", "trigger"])
    @pytest.mark.parametrize("codepoint", [i for i in range(32) if i not in (9, 10, 13)])
    def test_free_text_rejects_disallowed_c0_controls(field: str, codepoint: int) -> None:
>       rejected(wire(finding(**{field: "x" + chr(codepoint)})), "SCHEMA_INVALID")

tests\candidates\test_review_output.py:166: 
_ _ _ _ _ _ _ _ _ _ _ _ _ _ _ _ _ _ _ _ _ _ _ _ _ _ _ _ _ _ _ _ _ _ _ _ _ _ _ _

content = '{"verdict": "changes_requested", "findings": [{"severity": "high", "file": "src/export.py", "line": 27, "behavior": "x\\u0001", "trigger": "��ѯû��ƥ����ʱ���õ���", "acceptance_ref": "acceptance:csv-v1", "blocking": true}]}'
code = 'SCHEMA_INVALID', scope = {}

    def rejected(content: Any, code: str, **scope: Any) -> None:
>       with pytest.raises(ValueError) as caught:
             ^^^^^^^^^^^^^^^^^^^^^^^^^
E       Failed: DID NOT RAISE ValueError

tests\candidates\test_review_output.py:51: Failed
__________ test_free_text_rejects_disallowed_c0_controls[1-trigger] ___________

field = 'trigger', codepoint = 1

    @pytest.mark.parametrize("field", ["behavior", "trigger"])
    @pytest.mark.parametrize("codepoint", [i for i in range(32) if i not in (9, 10, 13)])
    def test_free_text_rejects_disallowed_c0_controls(field: str, codepoint: int) -> None:
>       rejected(wire(finding(**{field: "x" + chr(codepoint)})), "SCHEMA_INVALID")

tests\candidates\test_review_output.py:166: 
_ _ _ _ _ _ _ _ _ _ _ _ _ _ _ _ _ _ _ _ _ _ _ _ _ _ _ _ _ _ _ _ _ _ _ _ _ _ _ _

content = '{"verdict": "changes_requested", "findings": [{"severity": "high", "file": "src/export.py", "line": 27, "behavior": "�ս��û�������׼�ı�ͷ", "trigger": "x\\u0001", "acceptance_ref": "acceptance:csv-v1", "blocking": true}]}'
code = 'SCHEMA_INVALID', scope = {}

    def rejected(content: Any, code: str, **scope: Any) -> None:
>       with pytest.raises(ValueError) as caught:
             ^^^^^^^^^^^^^^^^^^^^^^^^^
E       Failed: DID NOT RAISE ValueError

tests\candidates\test_review_output.py:51: Failed
__________ test_free_text_rejects_disallowed_c0_controls[2-behavior] __________

field = 'behavior', codepoint = 2

    @pytest.mark.parametrize("field", ["behavior", "trigger"])
    @pytest.mark.parametrize("codepoint", [i for i in range(32) if i not in (9, 10, 13)])
    def test_free_text_rejects_disallowed_c0_controls(field: str, codepoint: int) -> None:
>       rejected(wire(finding(**{field: "x" + chr(codepoint)})), "SCHEMA_INVALID")

tests\candidates\test_review_output.py:166: 
_ _ _ _ _ _ _ _ _ _ _ _ _ _ _ _ _ _ _ _ _ _ _ _ _ _ _ _ _ _ _ _ _ _ _ _ _ _ _ _

content = '{"verdict": "changes_requested", "findings": [{"severity": "high", "file": "src/export.py", "line": 27, "behavior": "x\\u0002", "trigger": "��ѯû��ƥ����ʱ���õ���", "acceptance_ref": "acceptance:csv-v1", "blocking": true}]}'
code = 'SCHEMA_INVALID', scope = {}

    def rejected(content: Any, code: str, **scope: Any) -> None:
>       with pytest.raises(ValueError) as caught:
             ^^^^^^^^^^^^^^^^^^^^^^^^^
E       Failed: DID NOT RAISE ValueError

tests\candidates\test_review_output.py:51: Failed
__________ test_free_text_rejects_disallowed_c0_controls[2-trigger] ___________

field = 'trigger', codepoint = 2

    @pytest.mark.parametrize("field", ["behavior", "trigger"])
    @pytest.mark.parametrize("codepoint", [i for i in range(32) if i not in (9, 10, 13)])
    def test_free_text_rejects_disallowed_c0_controls(field: str, codepoint: int) -> None:
>       rejected(wire(finding(**{field: "x" + chr(codepoint)})), "SCHEMA_INVALID")

tests\candidates\test_review_output.py:166: 
_ _ _ _ _ _ _ _ _ _ _ _ _ _ _ _ _ _ _ _ _ _ _ _ _ _ _ _ _ _ _ _ _ _ _ _ _ _ _ _

content = '{"verdict": "changes_requested", "findings": [{"severity": "high", "file": "src/export.py", "line": 27, "behavior": "�ս��û�������׼�ı�ͷ", "trigger": "x\\u0002", "acceptance_ref": "acceptance:csv-v1", "blocking": true}]}'
code = 'SCHEMA_INVALID', scope = {}

    def rejected(content: Any, code: str, **scope: Any) -> None:
>       with pytest.raises(ValueError) as caught:
             ^^^^^^^^^^^^^^^^^^^^^^^^^
E       Failed: DID NOT RAISE ValueError

tests\candidates\test_review_output.py:51: Failed
__________ test_free_text_rejects_disallowed_c0_controls[3-behavior] __________

field = 'behavior', codepoint = 3

    @pytest.mark.parametrize("field", ["behavior", "trigger"])
    @pytest.mark.parametrize("codepoint", [i for i in range(32) if i not in (9, 10, 13)])
    def test_free_text_rejects_disallowed_c0_controls(field: str, codepoint: int) -> None:
>       rejected(wire(finding(**{field: "x" + chr(codepoint)})), "SCHEMA_INVALID")

tests\candidates\test_review_output.py:166: 
_ _ _ _ _ _ _ _ _ _ _ _ _ _ _ _ _ _ _ _ _ _ _ _ _ _ _ _ _ _ _ _ _ _ _ _ _ _ _ _

content = '{"verdict": "changes_requested", "findings": [{"severity": "high", "file": "src/export.py", "line": 27, "behavior": "x\\u0003", "trigger": "��ѯû��ƥ����ʱ���õ���", "acceptance_ref": "acceptance:csv-v1", "blocking": true}]}'
code = 'SCHEMA_INVALID', scope = {}

    def rejected(content: Any, code: str, **scope: Any) -> None:
>       with pytest.raises(ValueError) as caught:
             ^^^^^^^^^^^^^^^^^^^^^^^^^
E       Failed: DID NOT RAISE ValueError

tests\candidates\test_review_output.py:51: Failed
__________ test_free_text_rejects_disallowed_c0_controls[3-trigger] ___________

field = 'trigger', codepoint = 3

    @pytest.mark.parametrize("field", ["behavior", "trigger"])
    @pytest.mark.parametrize("codepoint", [i for i in range(32) if i not in (9, 10, 13)])
    def test_free_text_rejects_disallowed_c0_controls(field: str, codepoint: int) -> None:
>       rejected(wire(finding(**{field: "x" + chr(codepoint)})), "SCHEMA_INVALID")

tests\candidates\test_review_output.py:166: 
_ _ _ _ _ _ _ _ _ _ _ _ _ _ _ _ _ _ _ _ _ _ _ _ _ _ _ _ _ _ _ _ _ _ _ _ _ _ _ _

content = '{"verdict": "changes_requested", "findings": [{"severity": "high", "file": "src/export.py", "line": 27, "behavior": "�ս��û�������׼�ı�ͷ", "trigger": "x\\u0003", "acceptance_ref": "acceptance:csv-v1", "blocking": true}]}'
code = 'SCHEMA_INVALID', scope = {}

    def rejected(content: Any, code: str, **scope: Any) -> None:
>       with pytest.raises(ValueError) as caught:
             ^^^^^^^^^^^^^^^^^^^^^^^^^
E       Failed: DID NOT RAISE ValueError

tests\candidates\test_review_output.py:51: Failed
__________ test_free_text_rejects_disallowed_c0_controls[4-behavior] __________

field = 'behavior', codepoint = 4

    @pytest.mark.parametrize("field", ["behavior", "trigger"])
    @pytest.mark.parametrize("codepoint", [i for i in range(32) if i not in (9, 10, 13)])
    def test_free_text_rejects_disallowed_c0_controls(field: str, codepoint: int) -> None:
>       rejected(wire(finding(**{field: "x" + chr(codepoint)})), "SCHEMA_INVALID")

tests\candidates\test_review_output.py:166: 
_ _ _ _ _ _ _ _ _ _ _ _ _ _ _ _ _ _ _ _ _ _ _ _ _ _ _ _ _ _ _ _ _ _ _ _ _ _ _ _

content = '{"verdict": "changes_requested", "findings": [{"severity": "high", "file": "src/export.py", "line": 27, "behavior": "x\\u0004", "trigger": "��ѯû��ƥ����ʱ���õ���", "acceptance_ref": "acceptance:csv-v1", "blocking": true}]}'
code = 'SCHEMA_INVALID', scope = {}

    def rejected(content: Any, code: str, **scope: Any) -> None:
>       with pytest.raises(ValueError) as caught:
             ^^^^^^^^^^^^^^^^^^^^^^^^^
E       Failed: DID NOT RAISE ValueError

tests\candidates\test_review_output.py:51: Failed
__________ test_free_text_rejects_disallowed_c0_controls[4-trigger] ___________

field = 'trigger', codepoint = 4

    @pytest.mark.parametrize("field", ["behavior", "trigger"])
    @pytest.mark.parametrize("codepoint", [i for i in range(32) if i not in (9, 10, 13)])
    def test_free_text_rejects_disallowed_c0_controls(field: str, codepoint: int) -> None:
>       rejected(wire(finding(**{field: "x" + chr(codepoint)})), "SCHEMA_INVALID")

tests\candidates\test_review_output.py:166: 
_ _ _ _ _ _ _ _ _ _ _ _ _ _ _ _ _ _ _ _ _ _ _ _ _ _ _ _ _ _ _ _ _ _ _ _ _ _ _ _

content = '{"verdict": "changes_requested", "findings": [{"severity": "high", "file": "src/export.py", "line": 27, "behavior": "�ս��û�������׼�ı�ͷ", "trigger": "x\\u0004", "acceptance_ref": "acceptance:csv-v1", "blocking": true}]}'
code = 'SCHEMA_INVALID', scope = {}

    def rejected(content: Any, code: str, **scope: Any) -> None:
>       with pytest.raises(ValueError) as caught:
             ^^^^^^^^^^^^^^^^^^^^^^^^^
E       Failed: DID NOT RAISE ValueError

tests\candidates\test_review_output.py:51: Failed
__________ test_free_text_rejects_disallowed_c0_controls[5-behavior] __________

field = 'behavior', codepoint = 5

    @pytest.mark.parametrize("field", ["behavior", "trigger"])
    @pytest.mark.parametrize("codepoint", [i for i in range(32) if i not in (9, 10, 13)])
    def test_free_text_rejects_disallowed_c0_controls(field: str, codepoint: int) -> None:
>       rejected(wire(finding(**{field: "x" + chr(codepoint)})), "SCHEMA_INVALID")

tests\candidates\test_review_output.py:166: 
_ _ _ _ _ _ _ _ _ _ _ _ _ _ _ _ _ _ _ _ _ _ _ _ _ _ _ _ _ _ _ _ _ _ _ _ _ _ _ _

content = '{"verdict": "changes_requested", "findings": [{"severity": "high", "file": "src/export.py", "line": 27, "behavior": "x\\u0005", "trigger": "��ѯû��ƥ����ʱ���õ���", "acceptance_ref": "acceptance:csv-v1", "blocking": true}]}'
code = 'SCHEMA_INVALID', scope = {}

    def rejected(content: Any, code: str, **scope: Any) -> None:
>       with pytest.raises(ValueError) as caught:
             ^^^^^^^^^^^^^^^^^^^^^^^^^
E       Failed: DID NOT RAISE ValueError

tests\candidates\test_review_output.py:51: Failed
__________ test_free_text_rejects_disallowed_c0_controls[5-trigger] ___________

field = 'trigger', codepoint = 5

    @pytest.mark.parametrize("field", ["behavior", "trigger"])
    @pytest.mark.parametrize("codepoint", [i for i in range(32) if i not in (9, 10, 13)])
    def test_free_text_rejects_disallowed_c0_controls(field: str, codepoint: int) -> None:
>       rejected(wire(finding(**{field: "x" + chr(codepoint)})), "SCHEMA_INVALID")

tests\candidates\test_review_output.py:166: 
_ _ _ _ _ _ _ _ _ _ _ _ _ _ _ _ _ _ _ _ _ _ _ _ _ _ _ _ _ _ _ _ _ _ _ _ _ _ _ _

content = '{"verdict": "changes_requested", "findings": [{"severity": "high", "file": "src/export.py", "line": 27, "behavior": "�ս��û�������׼�ı�ͷ", "trigger": "x\\u0005", "acceptance_ref": "acceptance:csv-v1", "blocking": true}]}'
code = 'SCHEMA_INVALID', scope = {}

    def rejected(content: Any, code: str, **scope: Any) -> None:
>       with pytest.raises(ValueError) as caught:
             ^^^^^^^^^^^^^^^^^^^^^^^^^
E       Failed: DID NOT RAISE ValueError

tests\candidates\test_review_output.py:51: Failed
__________ test_free_text_rejects_disallowed_c0_controls[6-behavior] __________

field = 'behavior', codepoint = 6

    @pytest.mark.parametrize("field", ["behavior", "trigger"])
    @pytest.mark.parametrize("codepoint", [i for i in range(32) if i not in (9, 10, 13)])
    def test_free_text_rejects_disallowed_c0_controls(field: str, codepoint: int) -> None:
>       rejected(wire(finding(**{field: "x" + chr(codepoint)})), "SCHEMA_INVALID")

tests\candidates\test_review_output.py:166: 
_ _ _ _ _ _ _ _ _ _ _ _ _ _ _ _ _ _ _ _ _ _ _ _ _ _ _ _ _ _ _ _ _ _ _ _ _ _ _ _

content = '{"verdict": "changes_requested", "findings": [{"severity": "high", "file": "src/export.py", "line": 27, "behavior": "x\\u0006", "trigger": "��ѯû��ƥ����ʱ���õ���", "acceptance_ref": "acceptance:csv-v1", "blocking": true}]}'
code = 'SCHEMA_INVALID', scope = {}

    def rejected(content: Any, code: str, **scope: Any) -> None:
>       with pytest.raises(ValueError) as caught:
             ^^^^^^^^^^^^^^^^^^^^^^^^^
E       Failed: DID NOT RAISE ValueError

tests\candidates\test_review_output.py:51: Failed
__________ test_free_text_rejects_disallowed_c0_controls[6-trigger] ___________

field = 'trigger', codepoint = 6

    @pytest.mark.parametrize("field", ["behavior", "trigger"])
    @pytest.mark.parametrize("codepoint", [i for i in range(32) if i not in (9, 10, 13)])
    def test_free_text_rejects_disallowed_c0_controls(field: str, codepoint: int) -> None:
>       rejected(wire(finding(**{field: "x" + chr(codepoint)})), "SCHEMA_INVALID")

tests\candidates\test_review_output.py:166: 
_ _ _ _ _ _ _ _ _ _ _ _ _ _ _ _ _ _ _ _ _ _ _ _ _ _ _ _ _ _ _ _ _ _ _ _ _ _ _ _

content = '{"verdict": "changes_requested", "findings": [{"severity": "high", "file": "src/export.py", "line": 27, "behavior": "�ս��û�������׼�ı�ͷ", "trigger": "x\\u0006", "acceptance_ref": "acceptance:csv-v1", "blocking": true}]}'
code = 'SCHEMA_INVALID', scope = {}

    def rejected(content: Any, code: str, **scope: Any) -> None:
>       with pytest.raises(ValueError) as caught:
             ^^^^^^^^^^^^^^^^^^^^^^^^^
E       Failed: DID NOT RAISE ValueError

tests\candidates\test_review_output.py:51: Failed
__________ test_free_text_rejects_disallowed_c0_controls[7-behavior] __________

field = 'behavior', codepoint = 7

    @pytest.mark.parametrize("field", ["behavior", "trigger"])
    @pytest.mark.parametrize("codepoint", [i for i in range(32) if i not in (9, 10, 13)])
    def test_free_text_rejects_disallowed_c0_controls(field: str, codepoint: int) -> None:
>       rejected(wire(finding(**{field: "x" + chr(codepoint)})), "SCHEMA_INVALID")

tests\candidates\test_review_output.py:166: 
_ _ _ _ _ _ _ _ _ _ _ _ _ _ _ _ _ _ _ _ _ _ _ _ _ _ _ _ _ _ _ _ _ _ _ _ _ _ _ _

content = '{"verdict": "changes_requested", "findings": [{"severity": "high", "file": "src/export.py", "line": 27, "behavior": "x\\u0007", "trigger": "��ѯû��ƥ����ʱ���õ���", "acceptance_ref": "acceptance:csv-v1", "blocking": true}]}'
code = 'SCHEMA_INVALID', scope = {}

    def rejected(content: Any, code: str, **scope: Any) -> None:
>       with pytest.raises(ValueError) as caught:
             ^^^^^^^^^^^^^^^^^^^^^^^^^
E       Failed: DID NOT RAISE ValueError

tests\candidates\test_review_output.py:51: Failed
__________ test_free_text_rejects_disallowed_c0_controls[7-trigger] ___________

field = 'trigger', codepoint = 7

    @pytest.mark.parametrize("field", ["behavior", "trigger"])
    @pytest.mark.parametrize("codepoint", [i for i in range(32) if i not in (9, 10, 13)])
    def test_free_text_rejects_disallowed_c0_controls(field: str, codepoint: int) -> None:
>       rejected(wire(finding(**{field: "x" + chr(codepoint)})), "SCHEMA_INVALID")

tests\candidates\test_review_output.py:166: 
_ _ _ _ _ _ _ _ _ _ _ _ _ _ _ _ _ _ _ _ _ _ _ _ _ _ _ _ _ _ _ _ _ _ _ _ _ _ _ _

content = '{"verdict": "changes_requested", "findings": [{"severity": "high", "file": "src/export.py", "line": 27, "behavior": "�ս��û�������׼�ı�ͷ", "trigger": "x\\u0007", "acceptance_ref": "acceptance:csv-v1", "blocking": true}]}'
code = 'SCHEMA_INVALID', scope = {}

    def rejected(content: Any, code: str, **scope: Any) -> None:
>       with pytest.raises(ValueError) as caught:
             ^^^^^^^^^^^^^^^^^^^^^^^^^
E       Failed: DID NOT RAISE ValueError

tests\candidates\test_review_output.py:51: Failed
__________ test_free_text_rejects_disallowed_c0_controls[8-behavior] __________

field = 'behavior', codepoint = 8

    @pytest.mark.parametrize("field", ["behavior", "trigger"])
    @pytest.mark.parametrize("codepoint", [i for i in range(32) if i not in (9, 10, 13)])
    def test_free_text_rejects_disallowed_c0_controls(field: str, codepoint: int) -> None:
>       rejected(wire(finding(**{field: "x" + chr(codepoint)})), "SCHEMA_INVALID")

tests\candidates\test_review_output.py:166: 
_ _ _ _ _ _ _ _ _ _ _ _ _ _ _ _ _ _ _ _ _ _ _ _ _ _ _ _ _ _ _ _ _ _ _ _ _ _ _ _

content = '{"verdict": "changes_requested", "findings": [{"severity": "high", "file": "src/export.py", "line": 27, "behavior": "x\\b", "trigger": "��ѯû��ƥ����ʱ���õ���", "acceptance_ref": "acceptance:csv-v1", "blocking": true}]}'
code = 'SCHEMA_INVALID', scope = {}

    def rejected(content: Any, code: str, **scope: Any) -> None:
>       with pytest.raises(ValueError) as caught:
             ^^^^^^^^^^^^^^^^^^^^^^^^^
E       Failed: DID NOT RAISE ValueError

tests\candidates\test_review_output.py:51: Failed
__________ test_free_text_rejects_disallowed_c0_controls[8-trigger] ___________

field = 'trigger', codepoint = 8

    @pytest.mark.parametrize("field", ["behavior", "trigger"])
    @pytest.mark.parametrize("codepoint", [i for i in range(32) if i not in (9, 10, 13)])
    def test_free_text_rejects_disallowed_c0_controls(field: str, codepoint: int) -> None:
>       rejected(wire(finding(**{field: "x" + chr(codepoint)})), "SCHEMA_INVALID")

tests\candidates\test_review_output.py:166: 
_ _ _ _ _ _ _ _ _ _ _ _ _ _ _ _ _ _ _ _ _ _ _ _ _ _ _ _ _ _ _ _ _ _ _ _ _ _ _ _

content = '{"verdict": "changes_requested", "findings": [{"severity": "high", "file": "src/export.py", "line": 27, "behavior": "�ս��û�������׼�ı�ͷ", "trigger": "x\\b", "acceptance_ref": "acceptance:csv-v1", "blocking": true}]}'
code = 'SCHEMA_INVALID', scope = {}

    def rejected(content: Any, code: str, **scope: Any) -> None:
>       with pytest.raises(ValueError) as caught:
             ^^^^^^^^^^^^^^^^^^^^^^^^^
E       Failed: DID NOT RAISE ValueError

tests\candidates\test_review_output.py:51: Failed
_________ test_free_text_rejects_disallowed_c0_controls[11-behavior] __________

field = 'behavior', codepoint = 11

    @pytest.mark.parametrize("field", ["behavior", "trigger"])
    @pytest.mark.parametrize("codepoint", [i for i in range(32) if i not in (9, 10, 13)])
    def test_free_text_rejects_disallowed_c0_controls(field: str, codepoint: int) -> None:
>       rejected(wire(finding(**{field: "x" + chr(codepoint)})), "SCHEMA_INVALID")

tests\candidates\test_review_output.py:166: 
_ _ _ _ _ _ _ _ _ _ _ _ _ _ _ _ _ _ _ _ _ _ _ _ _ _ _ _ _ _ _ _ _ _ _ _ _ _ _ _

content = '{"verdict": "changes_requested", "findings": [{"severity": "high", "file": "src/export.py", "line": 27, "behavior": "x\\u000b", "trigger": "��ѯû��ƥ����ʱ���õ���", "acceptance_ref": "acceptance:csv-v1", "blocking": true}]}'
code = 'SCHEMA_INVALID', scope = {}

    def rejected(content: Any, code: str, **scope: Any) -> None:
>       with pytest.raises(ValueError) as caught:
             ^^^^^^^^^^^^^^^^^^^^^^^^^
E       Failed: DID NOT RAISE ValueError

tests\candidates\test_review_output.py:51: Failed
__________ test_free_text_rejects_disallowed_c0_controls[11-trigger] __________

field = 'trigger', codepoint = 11

    @pytest.mark.parametrize("field", ["behavior", "trigger"])
    @pytest.mark.parametrize("codepoint", [i for i in range(32) if i not in (9, 10, 13)])
    def test_free_text_rejects_disallowed_c0_controls(field: str, codepoint: int) -> None:
>       rejected(wire(finding(**{field: "x" + chr(codepoint)})), "SCHEMA_INVALID")

tests\candidates\test_review_output.py:166: 
_ _ _ _ _ _ _ _ _ _ _ _ _ _ _ _ _ _ _ _ _ _ _ _ _ _ _ _ _ _ _ _ _ _ _ _ _ _ _ _

content = '{"verdict": "changes_requested", "findings": [{"severity": "high", "file": "src/export.py", "line": 27, "behavior": "�ս��û�������׼�ı�ͷ", "trigger": "x\\u000b", "acceptance_ref": "acceptance:csv-v1", "blocking": true}]}'
code = 'SCHEMA_INVALID', scope = {}

    def rejected(content: Any, code: str, **scope: Any) -> None:
>       with pytest.raises(ValueError) as caught:
             ^^^^^^^^^^^^^^^^^^^^^^^^^
E       Failed: DID NOT RAISE ValueError

tests\candidates\test_review_output.py:51: Failed
_________ test_free_text_rejects_disallowed_c0_controls[12-behavior] __________

field = 'behavior', codepoint = 12

    @pytest.mark.parametrize("field", ["behavior", "trigger"])
    @pytest.mark.parametrize("codepoint", [i for i in range(32) if i not in (9, 10, 13)])
    def test_free_text_rejects_disallowed_c0_controls(field: str, codepoint: int) -> None:
>       rejected(wire(finding(**{field: "x" + chr(codepoint)})), "SCHEMA_INVALID")

tests\candidates\test_review_output.py:166: 
_ _ _ _ _ _ _ _ _ _ _ _ _ _ _ _ _ _ _ _ _ _ _ _ _ _ _ _ _ _ _ _ _ _ _ _ _ _ _ _

content = '{"verdict": "changes_requested", "findings": [{"severity": "high", "file": "src/export.py", "line": 27, "behavior": "x\\f", "trigger": "��ѯû��ƥ����ʱ���õ���", "acceptance_ref": "acceptance:csv-v1", "blocking": true}]}'
code = 'SCHEMA_INVALID', scope = {}

    def rejected(content: Any, code: str, **scope: Any) -> None:
>       with pytest.raises(ValueError) as caught:
             ^^^^^^^^^^^^^^^^^^^^^^^^^
E       Failed: DID NOT RAISE ValueError

tests\candidates\test_review_output.py:51: Failed
__________ test_free_text_rejects_disallowed_c0_controls[12-trigger] __________

field = 'trigger', codepoint = 12

    @pytest.mark.parametrize("field", ["behavior", "trigger"])
    @pytest.mark.parametrize("codepoint", [i for i in range(32) if i not in (9, 10, 13)])
    def test_free_text_rejects_disallowed_c0_controls(field: str, codepoint: int) -> None:
>       rejected(wire(finding(**{field: "x" + chr(codepoint)})), "SCHEMA_INVALID")

tests\candidates\test_review_output.py:166: 
_ _ _ _ _ _ _ _ _ _ _ _ _ _ _ _ _ _ _ _ _ _ _ _ _ _ _ _ _ _ _ _ _ _ _ _ _ _ _ _

content = '{"verdict": "changes_requested", "findings": [{"severity": "high", "file": "src/export.py", "line": 27, "behavior": "�ս��û�������׼�ı�ͷ", "trigger": "x\\f", "acceptance_ref": "acceptance:csv-v1", "blocking": true}]}'
code = 'SCHEMA_INVALID', scope = {}

    def rejected(content: Any, code: str, **scope: Any) -> None:
>       with pytest.raises(ValueError) as caught:
             ^^^^^^^^^^^^^^^^^^^^^^^^^
E       Failed: DID NOT RAISE ValueError

tests\candidates\test_review_output.py:51: Failed
_________ test_free_text_rejects_disallowed_c0_controls[14-behavior] __________

field = 'behavior', codepoint = 14

    @pytest.mark.parametrize("field", ["behavior", "trigger"])
    @pytest.mark.parametrize("codepoint", [i for i in range(32) if i not in (9, 10, 13)])
    def test_free_text_rejects_disallowed_c0_controls(field: str, codepoint: int) -> None:
>       rejected(wire(finding(**{field: "x" + chr(codepoint)})), "SCHEMA_INVALID")

tests\candidates\test_review_output.py:166: 
_ _ _ _ _ _ _ _ _ _ _ _ _ _ _ _ _ _ _ _ _ _ _ _ _ _ _ _ _ _ _ _ _ _ _ _ _ _ _ _

content = '{"verdict": "changes_requested", "findings": [{"severity": "high", "file": "src/export.py", "line": 27, "behavior": "x\\u000e", "trigger": "��ѯû��ƥ����ʱ���õ���", "acceptance_ref": "acceptance:csv-v1", "blocking": true}]}'
code = 'SCHEMA_INVALID', scope = {}

    def rejected(content: Any, code: str, **scope: Any) -> None:
>       with pytest.raises(ValueError) as caught:
             ^^^^^^^^^^^^^^^^^^^^^^^^^
E       Failed: DID NOT RAISE ValueError

tests\candidates\test_review_output.py:51: Failed
__________ test_free_text_rejects_disallowed_c0_controls[14-trigger] __________

field = 'trigger', codepoint = 14

    @pytest.mark.parametrize("field", ["behavior", "trigger"])
    @pytest.mark.parametrize("codepoint", [i for i in range(32) if i not in (9, 10, 13)])
    def test_free_text_rejects_disallowed_c0_controls(field: str, codepoint: int) -> None:
>       rejected(wire(finding(**{field: "x" + chr(codepoint)})), "SCHEMA_INVALID")

tests\candidates\test_review_output.py:166: 
_ _ _ _ _ _ _ _ _ _ _ _ _ _ _ _ _ _ _ _ _ _ _ _ _ _ _ _ _ _ _ _ _ _ _ _ _ _ _ _

content = '{"verdict": "changes_requested", "findings": [{"severity": "high", "file": "src/export.py", "line": 27, "behavior": "�ս��û�������׼�ı�ͷ", "trigger": "x\\u000e", "acceptance_ref": "acceptance:csv-v1", "blocking": true}]}'
code = 'SCHEMA_INVALID', scope = {}

    def rejected(content: Any, code: str, **scope: Any) -> None:
>       with pytest.raises(ValueError) as caught:
             ^^^^^^^^^^^^^^^^^^^^^^^^^
E       Failed: DID NOT RAISE ValueError

tests\candidates\test_review_output.py:51: Failed
_________ test_free_text_rejects_disallowed_c0_controls[15-behavior] __________

field = 'behavior', codepoint = 15

    @pytest.mark.parametrize("field", ["behavior", "trigger"])
    @pytest.mark.parametrize("codepoint", [i for i in range(32) if i not in (9, 10, 13)])
    def test_free_text_rejects_disallowed_c0_controls(field: str, codepoint: int) -> None:
>       rejected(wire(finding(**{field: "x" + chr(codepoint)})), "SCHEMA_INVALID")

tests\candidates\test_review_output.py:166: 
_ _ _ _ _ _ _ _ _ _ _ _ _ _ _ _ _ _ _ _ _ _ _ _ _ _ _ _ _ _ _ _ _ _ _ _ _ _ _ _

content = '{"verdict": "changes_requested", "findings": [{"severity": "high", "file": "src/export.py", "line": 27, "behavior": "x\\u000f", "trigger": "��ѯû��ƥ����ʱ���õ���", "acceptance_ref": "acceptance:csv-v1", "blocking": true}]}'
code = 'SCHEMA_INVALID', scope = {}

    def rejected(content: Any, code: str, **scope: Any) -> None:
>       with pytest.raises(ValueError) as caught:
             ^^^^^^^^^^^^^^^^^^^^^^^^^
E       Failed: DID NOT RAISE ValueError

tests\candidates\test_review_output.py:51: Failed
__________ test_free_text_rejects_disallowed_c0_controls[15-trigger] __________

field = 'trigger', codepoint = 15

    @pytest.mark.parametrize("field", ["behavior", "trigger"])
    @pytest.mark.parametrize("codepoint", [i for i in range(32) if i not in (9, 10, 13)])
    def test_free_text_rejects_disallowed_c0_controls(field: str, codepoint: int) -> None:
>       rejected(wire(finding(**{field: "x" + chr(codepoint)})), "SCHEMA_INVALID")

tests\candidates\test_review_output.py:166: 
_ _ _ _ _ _ _ _ _ _ _ _ _ _ _ _ _ _ _ _ _ _ _ _ _ _ _ _ _ _ _ _ _ _ _ _ _ _ _ _

content = '{"verdict": "changes_requested", "findings": [{"severity": "high", "file": "src/export.py", "line": 27, "behavior": "�ս��û�������׼�ı�ͷ", "trigger": "x\\u000f", "acceptance_ref": "acceptance:csv-v1", "blocking": true}]}'
code = 'SCHEMA_INVALID', scope = {}

    def rejected(content: Any, code: str, **scope: Any) -> None:
>       with pytest.raises(ValueError) as caught:
             ^^^^^^^^^^^^^^^^^^^^^^^^^
E       Failed: DID NOT RAISE ValueError

tests\candidates\test_review_output.py:51: Failed
_________ test_free_text_rejects_disallowed_c0_controls[16-behavior] __________

field = 'behavior', codepoint = 16

    @pytest.mark.parametrize("field", ["behavior", "trigger"])
    @pytest.mark.parametrize("codepoint", [i for i in range(32) if i not in (9, 10, 13)])
    def test_free_text_rejects_disallowed_c0_controls(field: str, codepoint: int) -> None:
>       rejected(wire(finding(**{field: "x" + chr(codepoint)})), "SCHEMA_INVALID")

tests\candidates\test_review_output.py:166: 
_ _ _ _ _ _ _ _ _ _ _ _ _ _ _ _ _ _ _ _ _ _ _ _ _ _ _ _ _ _ _ _ _ _ _ _ _ _ _ _

content = '{"verdict": "changes_requested", "findings": [{"severity": "high", "file": "src/export.py", "line": 27, "behavior": "x\\u0010", "trigger": "��ѯû��ƥ����ʱ���õ���", "acceptance_ref": "acceptance:csv-v1", "blocking": true}]}'
code = 'SCHEMA_INVALID', scope = {}

    def rejected(content: Any, code: str, **scope: Any) -> None:
>       with pytest.raises(ValueError) as caught:
             ^^^^^^^^^^^^^^^^^^^^^^^^^
E       Failed: DID NOT RAISE ValueError

tests\candidates\test_review_output.py:51: Failed
__________ test_free_text_rejects_disallowed_c0_controls[16-trigger] __________

field = 'trigger', codepoint = 16

    @pytest.mark.parametrize("field", ["behavior", "trigger"])
    @pytest.mark.parametrize("codepoint", [i for i in range(32) if i not in (9, 10, 13)])
    def test_free_text_rejects_disallowed_c0_controls(field: str, codepoint: int) -> None:
>       rejected(wire(finding(**{field: "x" + chr(codepoint)})), "SCHEMA_INVALID")

tests\candidates\test_review_output.py:166: 
_ _ _ _ _ _ _ _ _ _ _ _ _ _ _ _ _ _ _ _ _ _ _ _ _ _ _ _ _ _ _ _ _ _ _ _ _ _ _ _

content = '{"verdict": "changes_requested", "findings": [{"severity": "high", "file": "src/export.py", "line": 27, "behavior": "�ս��û�������׼�ı�ͷ", "trigger": "x\\u0010", "acceptance_ref": "acceptance:csv-v1", "blocking": true}]}'
code = 'SCHEMA_INVALID', scope = {}

    def rejected(content: Any, code: str, **scope: Any) -> None:
>       with pytest.raises(ValueError) as caught:
             ^^^^^^^^^^^^^^^^^^^^^^^^^
E       Failed: DID NOT RAISE ValueError

tests\candidates\test_review_output.py:51: Failed
_________ test_free_text_rejects_disallowed_c0_controls[17-behavior] __________

field = 'behavior', codepoint = 17

    @pytest.mark.parametrize("field", ["behavior", "trigger"])
    @pytest.mark.parametrize("codepoint", [i for i in range(32) if i not in (9, 10, 13)])
    def test_free_text_rejects_disallowed_c0_controls(field: str, codepoint: int) -> None:
>       rejected(wire(finding(**{field: "x" + chr(codepoint)})), "SCHEMA_INVALID")

tests\candidates\test_review_output.py:166: 
_ _ _ _ _ _ _ _ _ _ _ _ _ _ _ _ _ _ _ _ _ _ _ _ _ _ _ _ _ _ _ _ _ _ _ _ _ _ _ _

content = '{"verdict": "changes_requested", "findings": [{"severity": "high", "file": "src/export.py", "line": 27, "behavior": "x\\u0011", "trigger": "��ѯû��ƥ����ʱ���õ���", "acceptance_ref": "acceptance:csv-v1", "blocking": true}]}'
code = 'SCHEMA_INVALID', scope = {}

    def rejected(content: Any, code: str, **scope: Any) -> None:
>       with pytest.raises(ValueError) as caught:
             ^^^^^^^^^^^^^^^^^^^^^^^^^
E       Failed: DID NOT RAISE ValueError

tests\candidates\test_review_output.py:51: Failed
__________ test_free_text_rejects_disallowed_c0_controls[17-trigger] __________

field = 'trigger', codepoint = 17

    @pytest.mark.parametrize("field", ["behavior", "trigger"])
    @pytest.mark.parametrize("codepoint", [i for i in range(32) if i not in (9, 10, 13)])
    def test_free_text_rejects_disallowed_c0_controls(field: str, codepoint: int) -> None:
>       rejected(wire(finding(**{field: "x" + chr(codepoint)})), "SCHEMA_INVALID")

tests\candidates\test_review_output.py:166: 
_ _ _ _ _ _ _ _ _ _ _ _ _ _ _ _ _ _ _ _ _ _ _ _ _ _ _ _ _ _ _ _ _ _ _ _ _ _ _ _

content = '{"verdict": "changes_requested", "findings": [{"severity": "high", "file": "src/export.py", "line": 27, "behavior": "�ս��û�������׼�ı�ͷ", "trigger": "x\\u0011", "acceptance_ref": "acceptance:csv-v1", "blocking": true}]}'
code = 'SCHEMA_INVALID', scope = {}

    def rejected(content: Any, code: str, **scope: Any) -> None:
>       with pytest.raises(ValueError) as caught:
             ^^^^^^^^^^^^^^^^^^^^^^^^^
E       Failed: DID NOT RAISE ValueError

tests\candidates\test_review_output.py:51: Failed
_________ test_free_text_rejects_disallowed_c0_controls[18-behavior] __________

field = 'behavior', codepoint = 18

    @pytest.mark.parametrize("field", ["behavior", "trigger"])
    @pytest.mark.parametrize("codepoint", [i for i in range(32) if i not in (9, 10, 13)])
    def test_free_text_rejects_disallowed_c0_controls(field: str, codepoint: int) -> None:
>       rejected(wire(finding(**{field: "x" + chr(codepoint)})), "SCHEMA_INVALID")

tests\candidates\test_review_output.py:166: 
_ _ _ _ _ _ _ _ _ _ _ _ _ _ _ _ _ _ _ _ _ _ _ _ _ _ _ _ _ _ _ _ _ _ _ _ _ _ _ _

content = '{"verdict": "changes_requested", "findings": [{"severity": "high", "file": "src/export.py", "line": 27, "behavior": "x\\u0012", "trigger": "��ѯû��ƥ����ʱ���õ���", "acceptance_ref": "acceptance:csv-v1", "blocking": true}]}'
code = 'SCHEMA_INVALID', scope = {}

    def rejected(content: Any, code: str, **scope: Any) -> None:
>       with pytest.raises(ValueError) as caught:
             ^^^^^^^^^^^^^^^^^^^^^^^^^
E       Failed: DID NOT RAISE ValueError

tests\candidates\test_review_output.py:51: Failed
__________ test_free_text_rejects_disallowed_c0_controls[18-trigger] __________

field = 'trigger', codepoint = 18

    @pytest.mark.parametrize("field", ["behavior", "trigger"])
    @pytest.mark.parametrize("codepoint", [i for i in range(32) if i not in (9, 10, 13)])
    def test_free_text_rejects_disallowed_c0_controls(field: str, codepoint: int) -> None:
>       rejected(wire(finding(**{field: "x" + chr(codepoint)})), "SCHEMA_INVALID")

tests\candidates\test_review_output.py:166: 
_ _ _ _ _ _ _ _ _ _ _ _ _ _ _ _ _ _ _ _ _ _ _ _ _ _ _ _ _ _ _ _ _ _ _ _ _ _ _ _

content = '{"verdict": "changes_requested", "findings": [{"severity": "high", "file": "src/export.py", "line": 27, "behavior": "�ս��û�������׼�ı�ͷ", "trigger": "x\\u0012", "acceptance_ref": "acceptance:csv-v1", "blocking": true}]}'
code = 'SCHEMA_INVALID', scope = {}

    def rejected(content: Any, code: str, **scope: Any) -> None:
>       with pytest.raises(ValueError) as caught:
             ^^^^^^^^^^^^^^^^^^^^^^^^^
E       Failed: DID NOT RAISE ValueError

tests\candidates\test_review_output.py:51: Failed
_________ test_free_text_rejects_disallowed_c0_controls[19-behavior] __________

field = 'behavior', codepoint = 19

    @pytest.mark.parametrize("field", ["behavior", "trigger"])
    @pytest.mark.parametrize("codepoint", [i for i in range(32) if i not in (9, 10, 13)])
    def test_free_text_rejects_disallowed_c0_controls(field: str, codepoint: int) -> None:
>       rejected(wire(finding(**{field: "x" + chr(codepoint)})), "SCHEMA_INVALID")

tests\candidates\test_review_output.py:166: 
_ _ _ _ _ _ _ _ _ _ _ _ _ _ _ _ _ _ _ _ _ _ _ _ _ _ _ _ _ _ _ _ _ _ _ _ _ _ _ _

content = '{"verdict": "changes_requested", "findings": [{"severity": "high", "file": "src/export.py", "line": 27, "behavior": "x\\u0013", "trigger": "��ѯû��ƥ����ʱ���õ���", "acceptance_ref": "acceptance:csv-v1", "blocking": true}]}'
code = 'SCHEMA_INVALID', scope = {}

    def rejected(content: Any, code: str, **scope: Any) -> None:
>       with pytest.raises(ValueError) as caught:
             ^^^^^^^^^^^^^^^^^^^^^^^^^
E       Failed: DID NOT RAISE ValueError

tests\candidates\test_review_output.py:51: Failed
__________ test_free_text_rejects_disallowed_c0_controls[19-trigger] __________

field = 'trigger', codepoint = 19

    @pytest.mark.parametrize("field", ["behavior", "trigger"])
    @pytest.mark.parametrize("codepoint", [i for i in range(32) if i not in (9, 10, 13)])
    def test_free_text_rejects_disallowed_c0_controls(field: str, codepoint: int) -> None:
>       rejected(wire(finding(**{field: "x" + chr(codepoint)})), "SCHEMA_INVALID")

tests\candidates\test_review_output.py:166: 
_ _ _ _ _ _ _ _ _ _ _ _ _ _ _ _ _ _ _ _ _ _ _ _ _ _ _ _ _ _ _ _ _ _ _ _ _ _ _ _

content = '{"verdict": "changes_requested", "findings": [{"severity": "high", "file": "src/export.py", "line": 27, "behavior": "�ս��û�������׼�ı�ͷ", "trigger": "x\\u0013", "acceptance_ref": "acceptance:csv-v1", "blocking": true}]}'
code = 'SCHEMA_INVALID', scope = {}

    def rejected(content: Any, code: str, **scope: Any) -> None:
>       with pytest.raises(ValueError) as caught:
             ^^^^^^^^^^^^^^^^^^^^^^^^^
E       Failed: DID NOT RAISE ValueError

tests\candidates\test_review_output.py:51: Failed
_________ test_free_text_rejects_disallowed_c0_controls[20-behavior] __________

field = 'behavior', codepoint = 20

    @pytest.mark.parametrize("field", ["behavior", "trigger"])
    @pytest.mark.parametrize("codepoint", [i for i in range(32) if i not in (9, 10, 13)])
    def test_free_text_rejects_disallowed_c0_controls(field: str, codepoint: int) -> None:
>       rejected(wire(finding(**{field: "x" + chr(codepoint)})), "SCHEMA_INVALID")

tests\candidates\test_review_output.py:166: 
_ _ _ _ _ _ _ _ _ _ _ _ _ _ _ _ _ _ _ _ _ _ _ _ _ _ _ _ _ _ _ _ _ _ _ _ _ _ _ _

content = '{"verdict": "changes_requested", "findings": [{"severity": "high", "file": "src/export.py", "line": 27, "behavior": "x\\u0014", "trigger": "��ѯû��ƥ����ʱ���õ���", "acceptance_ref": "acceptance:csv-v1", "blocking": true}]}'
code = 'SCHEMA_INVALID', scope = {}

    def rejected(content: Any, code: str, **scope: Any) -> None:
>       with pytest.raises(ValueError) as caught:
             ^^^^^^^^^^^^^^^^^^^^^^^^^
E       Failed: DID NOT RAISE ValueError

tests\candidates\test_review_output.py:51: Failed
__________ test_free_text_rejects_disallowed_c0_controls[20-trigger] __________

field = 'trigger', codepoint = 20

    @pytest.mark.parametrize("field", ["behavior", "trigger"])
    @pytest.mark.parametrize("codepoint", [i for i in range(32) if i not in (9, 10, 13)])
    def test_free_text_rejects_disallowed_c0_controls(field: str, codepoint: int) -> None:
>       rejected(wire(finding(**{field: "x" + chr(codepoint)})), "SCHEMA_INVALID")

tests\candidates\test_review_output.py:166: 
_ _ _ _ _ _ _ _ _ _ _ _ _ _ _ _ _ _ _ _ _ _ _ _ _ _ _ _ _ _ _ _ _ _ _ _ _ _ _ _

content = '{"verdict": "changes_requested", "findings": [{"severity": "high", "file": "src/export.py", "line": 27, "behavior": "�ս��û�������׼�ı�ͷ", "trigger": "x\\u0014", "acceptance_ref": "acceptance:csv-v1", "blocking": true}]}'
code = 'SCHEMA_INVALID', scope = {}

    def rejected(content: Any, code: str, **scope: Any) -> None:
>       with pytest.raises(ValueError) as caught:
             ^^^^^^^^^^^^^^^^^^^^^^^^^
E       Failed: DID NOT RAISE ValueError

tests\candidates\test_review_output.py:51: Failed
_________ test_free_text_rejects_disallowed_c0_controls[21-behavior] __________

field = 'behavior', codepoint = 21

    @pytest.mark.parametrize("field", ["behavior", "trigger"])
    @pytest.mark.parametrize("codepoint", [i for i in range(32) if i not in (9, 10, 13)])
    def test_free_text_rejects_disallowed_c0_controls(field: str, codepoint: int) -> None:
>       rejected(wire(finding(**{field: "x" + chr(codepoint)})), "SCHEMA_INVALID")

tests\candidates\test_review_output.py:166: 
_ _ _ _ _ _ _ _ _ _ _ _ _ _ _ _ _ _ _ _ _ _ _ _ _ _ _ _ _ _ _ _ _ _ _ _ _ _ _ _

content = '{"verdict": "changes_requested", "findings": [{"severity": "high", "file": "src/export.py", "line": 27, "behavior": "x\\u0015", "trigger": "��ѯû��ƥ����ʱ���õ���", "acceptance_ref": "acceptance:csv-v1", "blocking": true}]}'
code = 'SCHEMA_INVALID', scope = {}

    def rejected(content: Any, code: str, **scope: Any) -> None:
>       with pytest.raises(ValueError) as caught:
             ^^^^^^^^^^^^^^^^^^^^^^^^^
E       Failed: DID NOT RAISE ValueError

tests\candidates\test_review_output.py:51: Failed
__________ test_free_text_rejects_disallowed_c0_controls[21-trigger] __________

field = 'trigger', codepoint = 21

    @pytest.mark.parametrize("field", ["behavior", "trigger"])
    @pytest.mark.parametrize("codepoint", [i for i in range(32) if i not in (9, 10, 13)])
    def test_free_text_rejects_disallowed_c0_controls(field: str, codepoint: int) -> None:
>       rejected(wire(finding(**{field: "x" + chr(codepoint)})), "SCHEMA_INVALID")

tests\candidates\test_review_output.py:166: 
_ _ _ _ _ _ _ _ _ _ _ _ _ _ _ _ _ _ _ _ _ _ _ _ _ _ _ _ _ _ _ _ _ _ _ _ _ _ _ _

content = '{"verdict": "changes_requested", "findings": [{"severity": "high", "file": "src/export.py", "line": 27, "behavior": "�ս��û�������׼�ı�ͷ", "trigger": "x\\u0015", "acceptance_ref": "acceptance:csv-v1", "blocking": true}]}'
code = 'SCHEMA_INVALID', scope = {}

    def rejected(content: Any, code: str, **scope: Any) -> None:
>       with pytest.raises(ValueError) as caught:
             ^^^^^^^^^^^^^^^^^^^^^^^^^
E       Failed: DID NOT RAISE ValueError

tests\candidates\test_review_output.py:51: Failed
_________ test_free_text_rejects_disallowed_c0_controls[22-behavior] __________

field = 'behavior', codepoint = 22

    @pytest.mark.parametrize("field", ["behavior", "trigger"])
    @pytest.mark.parametrize("codepoint", [i for i in range(32) if i not in (9, 10, 13)])
    def test_free_text_rejects_disallowed_c0_controls(field: str, codepoint: int) -> None:
>       rejected(wire(finding(**{field: "x" + chr(codepoint)})), "SCHEMA_INVALID")

tests\candidates\test_review_output.py:166: 
_ _ _ _ _ _ _ _ _ _ _ _ _ _ _ _ _ _ _ _ _ _ _ _ _ _ _ _ _ _ _ _ _ _ _ _ _ _ _ _

content = '{"verdict": "changes_requested", "findings": [{"severity": "high", "file": "src/export.py", "line": 27, "behavior": "x\\u0016", "trigger": "��ѯû��ƥ����ʱ���õ���", "acceptance_ref": "acceptance:csv-v1", "blocking": true}]}'
code = 'SCHEMA_INVALID', scope = {}

    def rejected(content: Any, code: str, **scope: Any) -> None:
>       with pytest.raises(ValueError) as caught:
             ^^^^^^^^^^^^^^^^^^^^^^^^^
E       Failed: DID NOT RAISE ValueError

tests\candidates\test_review_output.py:51: Failed
__________ test_free_text_rejects_disallowed_c0_controls[22-trigger] __________

field = 'trigger', codepoint = 22

    @pytest.mark.parametrize("field", ["behavior", "trigger"])
    @pytest.mark.parametrize("codepoint", [i for i in range(32) if i not in (9, 10, 13)])
    def test_free_text_rejects_disallowed_c0_controls(field: str, codepoint: int) -> None:
>       rejected(wire(finding(**{field: "x" + chr(codepoint)})), "SCHEMA_INVALID")

tests\candidates\test_review_output.py:166: 
_ _ _ _ _ _ _ _ _ _ _ _ _ _ _ _ _ _ _ _ _ _ _ _ _ _ _ _ _ _ _ _ _ _ _ _ _ _ _ _

content = '{"verdict": "changes_requested", "findings": [{"severity": "high", "file": "src/export.py", "line": 27, "behavior": "�ս��û�������׼�ı�ͷ", "trigger": "x\\u0016", "acceptance_ref": "acceptance:csv-v1", "blocking": true}]}'
code = 'SCHEMA_INVALID', scope = {}

    def rejected(content: Any, code: str, **scope: Any) -> None:
>       with pytest.raises(ValueError) as caught:
             ^^^^^^^^^^^^^^^^^^^^^^^^^
E       Failed: DID NOT RAISE ValueError

tests\candidates\test_review_output.py:51: Failed
_________ test_free_text_rejects_disallowed_c0_controls[23-behavior] __________

field = 'behavior', codepoint = 23

    @pytest.mark.parametrize("field", ["behavior", "trigger"])
    @pytest.mark.parametrize("codepoint", [i for i in range(32) if i not in (9, 10, 13)])
    def test_free_text_rejects_disallowed_c0_controls(field: str, codepoint: int) -> None:
>       rejected(wire(finding(**{field: "x" + chr(codepoint)})), "SCHEMA_INVALID")

tests\candidates\test_review_output.py:166: 
_ _ _ _ _ _ _ _ _ _ _ _ _ _ _ _ _ _ _ _ _ _ _ _ _ _ _ _ _ _ _ _ _ _ _ _ _ _ _ _

content = '{"verdict": "changes_requested", "findings": [{"severity": "high", "file": "src/export.py", "line": 27, "behavior": "x\\u0017", "trigger": "��ѯû��ƥ����ʱ���õ���", "acceptance_ref": "acceptance:csv-v1", "blocking": true}]}'
code = 'SCHEMA_INVALID', scope = {}

    def rejected(content: Any, code: str, **scope: Any) -> None:
>       with pytest.raises(ValueError) as caught:
             ^^^^^^^^^^^^^^^^^^^^^^^^^
E       Failed: DID NOT RAISE ValueError

tests\candidates\test_review_output.py:51: Failed
__________ test_free_text_rejects_disallowed_c0_controls[23-trigger] __________

field = 'trigger', codepoint = 23

    @pytest.mark.parametrize("field", ["behavior", "trigger"])
    @pytest.mark.parametrize("codepoint", [i for i in range(32) if i not in (9, 10, 13)])
    def test_free_text_rejects_disallowed_c0_controls(field: str, codepoint: int) -> None:
>       rejected(wire(finding(**{field: "x" + chr(codepoint)})), "SCHEMA_INVALID")

tests\candidates\test_review_output.py:166: 
_ _ _ _ _ _ _ _ _ _ _ _ _ _ _ _ _ _ _ _ _ _ _ _ _ _ _ _ _ _ _ _ _ _ _ _ _ _ _ _

content = '{"verdict": "changes_requested", "findings": [{"severity": "high", "file": "src/export.py", "line": 27, "behavior": "�ս��û�������׼�ı�ͷ", "trigger": "x\\u0017", "acceptance_ref": "acceptance:csv-v1", "blocking": true}]}'
code = 'SCHEMA_INVALID', scope = {}

    def rejected(content: Any, code: str, **scope: Any) -> None:
>       with pytest.raises(ValueError) as caught:
             ^^^^^^^^^^^^^^^^^^^^^^^^^
E       Failed: DID NOT RAISE ValueError

tests\candidates\test_review_output.py:51: Failed
_________ test_free_text_rejects_disallowed_c0_controls[24-behavior] __________

field = 'behavior', codepoint = 24

    @pytest.mark.parametrize("field", ["behavior", "trigger"])
    @pytest.mark.parametrize("codepoint", [i for i in range(32) if i not in (9, 10, 13)])
    def test_free_text_rejects_disallowed_c0_controls(field: str, codepoint: int) -> None:
>       rejected(wire(finding(**{field: "x" + chr(codepoint)})), "SCHEMA_INVALID")

tests\candidates\test_review_output.py:166: 
_ _ _ _ _ _ _ _ _ _ _ _ _ _ _ _ _ _ _ _ _ _ _ _ _ _ _ _ _ _ _ _ _ _ _ _ _ _ _ _

content = '{"verdict": "changes_requested", "findings": [{"severity": "high", "file": "src/export.py", "line": 27, "behavior": "x\\u0018", "trigger": "��ѯû��ƥ����ʱ���õ���", "acceptance_ref": "acceptance:csv-v1", "blocking": true}]}'
code = 'SCHEMA_INVALID', scope = {}

    def rejected(content: Any, code: str, **scope: Any) -> None:
>       with pytest.raises(ValueError) as caught:
             ^^^^^^^^^^^^^^^^^^^^^^^^^
E       Failed: DID NOT RAISE ValueError

tests\candidates\test_review_output.py:51: Failed
__________ test_free_text_rejects_disallowed_c0_controls[24-trigger] __________

field = 'trigger', codepoint = 24

    @pytest.mark.parametrize("field", ["behavior", "trigger"])
    @pytest.mark.parametrize("codepoint", [i for i in range(32) if i not in (9, 10, 13)])
    def test_free_text_rejects_disallowed_c0_controls(field: str, codepoint: int) -> None:
>       rejected(wire(finding(**{field: "x" + chr(codepoint)})), "SCHEMA_INVALID")

tests\candidates\test_review_output.py:166: 
_ _ _ _ _ _ _ _ _ _ _ _ _ _ _ _ _ _ _ _ _ _ _ _ _ _ _ _ _ _ _ _ _ _ _ _ _ _ _ _

content = '{"verdict": "changes_requested", "findings": [{"severity": "high", "file": "src/export.py", "line": 27, "behavior": "�ս��û�������׼�ı�ͷ", "trigger": "x\\u0018", "acceptance_ref": "acceptance:csv-v1", "blocking": true}]}'
code = 'SCHEMA_INVALID', scope = {}

    def rejected(content: Any, code: str, **scope: Any) -> None:
>       with pytest.raises(ValueError) as caught:
             ^^^^^^^^^^^^^^^^^^^^^^^^^
E       Failed: DID NOT RAISE ValueError

tests\candidates\test_review_output.py:51: Failed
_________ test_free_text_rejects_disallowed_c0_controls[25-behavior] __________

field = 'behavior', codepoint = 25

    @pytest.mark.parametrize("field", ["behavior", "trigger"])
    @pytest.mark.parametrize("codepoint", [i for i in range(32) if i not in (9, 10, 13)])
    def test_free_text_rejects_disallowed_c0_controls(field: str, codepoint: int) -> None:
>       rejected(wire(finding(**{field: "x" + chr(codepoint)})), "SCHEMA_INVALID")

tests\candidates\test_review_output.py:166: 
_ _ _ _ _ _ _ _ _ _ _ _ _ _ _ _ _ _ _ _ _ _ _ _ _ _ _ _ _ _ _ _ _ _ _ _ _ _ _ _

content = '{"verdict": "changes_requested", "findings": [{"severity": "high", "file": "src/export.py", "line": 27, "behavior": "x\\u0019", "trigger": "��ѯû��ƥ����ʱ���õ���", "acceptance_ref": "acceptance:csv-v1", "blocking": true}]}'
code = 'SCHEMA_INVALID', scope = {}

    def rejected(content: Any, code: str, **scope: Any) -> None:
>       with pytest.raises(ValueError) as caught:
             ^^^^^^^^^^^^^^^^^^^^^^^^^
E       Failed: DID NOT RAISE ValueError

tests\candidates\test_review_output.py:51: Failed
__________ test_free_text_rejects_disallowed_c0_controls[25-trigger] __________

field = 'trigger', codepoint = 25

    @pytest.mark.parametrize("field", ["behavior", "trigger"])
    @pytest.mark.parametrize("codepoint", [i for i in range(32) if i not in (9, 10, 13)])
    def test_free_text_rejects_disallowed_c0_controls(field: str, codepoint: int) -> None:
>       rejected(wire(finding(**{field: "x" + chr(codepoint)})), "SCHEMA_INVALID")

tests\candidates\test_review_output.py:166: 
_ _ _ _ _ _ _ _ _ _ _ _ _ _ _ _ _ _ _ _ _ _ _ _ _ _ _ _ _ _ _ _ _ _ _ _ _ _ _ _

content = '{"verdict": "changes_requested", "findings": [{"severity": "high", "file": "src/export.py", "line": 27, "behavior": "�ս��û�������׼�ı�ͷ", "trigger": "x\\u0019", "acceptance_ref": "acceptance:csv-v1", "blocking": true}]}'
code = 'SCHEMA_INVALID', scope = {}

    def rejected(content: Any, code: str, **scope: Any) -> None:
>       with pytest.raises(ValueError) as caught:
             ^^^^^^^^^^^^^^^^^^^^^^^^^
E       Failed: DID NOT RAISE ValueError

tests\candidates\test_review_output.py:51: Failed
_________ test_free_text_rejects_disallowed_c0_controls[26-behavior] __________

field = 'behavior', codepoint = 26

    @pytest.mark.parametrize("field", ["behavior", "trigger"])
    @pytest.mark.parametrize("codepoint", [i for i in range(32) if i not in (9, 10, 13)])
    def test_free_text_rejects_disallowed_c0_controls(field: str, codepoint: int) -> None:
>       rejected(wire(finding(**{field: "x" + chr(codepoint)})), "SCHEMA_INVALID")

tests\candidates\test_review_output.py:166: 
_ _ _ _ _ _ _ _ _ _ _ _ _ _ _ _ _ _ _ _ _ _ _ _ _ _ _ _ _ _ _ _ _ _ _ _ _ _ _ _

content = '{"verdict": "changes_requested", "findings": [{"severity": "high", "file": "src/export.py", "line": 27, "behavior": "x\\u001a", "trigger": "��ѯû��ƥ����ʱ���õ���", "acceptance_ref": "acceptance:csv-v1", "blocking": true}]}'
code = 'SCHEMA_INVALID', scope = {}

    def rejected(content: Any, code: str, **scope: Any) -> None:
>       with pytest.raises(ValueError) as caught:
             ^^^^^^^^^^^^^^^^^^^^^^^^^
E       Failed: DID NOT RAISE ValueError

tests\candidates\test_review_output.py:51: Failed
__________ test_free_text_rejects_disallowed_c0_controls[26-trigger] __________

field = 'trigger', codepoint = 26

    @pytest.mark.parametrize("field", ["behavior", "trigger"])
    @pytest.mark.parametrize("codepoint", [i for i in range(32) if i not in (9, 10, 13)])
    def test_free_text_rejects_disallowed_c0_controls(field: str, codepoint: int) -> None:
>       rejected(wire(finding(**{field: "x" + chr(codepoint)})), "SCHEMA_INVALID")

tests\candidates\test_review_output.py:166: 
_ _ _ _ _ _ _ _ _ _ _ _ _ _ _ _ _ _ _ _ _ _ _ _ _ _ _ _ _ _ _ _ _ _ _ _ _ _ _ _

content = '{"verdict": "changes_requested", "findings": [{"severity": "high", "file": "src/export.py", "line": 27, "behavior": "�ս��û�������׼�ı�ͷ", "trigger": "x\\u001a", "acceptance_ref": "acceptance:csv-v1", "blocking": true}]}'
code = 'SCHEMA_INVALID', scope = {}

    def rejected(content: Any, code: str, **scope: Any) -> None:
>       with pytest.raises(ValueError) as caught:
             ^^^^^^^^^^^^^^^^^^^^^^^^^
E       Failed: DID NOT RAISE ValueError

tests\candidates\test_review_output.py:51: Failed
_________ test_free_text_rejects_disallowed_c0_controls[27-behavior] __________

field = 'behavior', codepoint = 27

    @pytest.mark.parametrize("field", ["behavior", "trigger"])
    @pytest.mark.parametrize("codepoint", [i for i in range(32) if i not in (9, 10, 13)])
    def test_free_text_rejects_disallowed_c0_controls(field: str, codepoint: int) -> None:
>       rejected(wire(finding(**{field: "x" + chr(codepoint)})), "SCHEMA_INVALID")

tests\candidates\test_review_output.py:166: 
_ _ _ _ _ _ _ _ _ _ _ _ _ _ _ _ _ _ _ _ _ _ _ _ _ _ _ _ _ _ _ _ _ _ _ _ _ _ _ _

content = '{"verdict": "changes_requested", "findings": [{"severity": "high", "file": "src/export.py", "line": 27, "behavior": "x\\u001b", "trigger": "��ѯû��ƥ����ʱ���õ���", "acceptance_ref": "acceptance:csv-v1", "blocking": true}]}'
code = 'SCHEMA_INVALID', scope = {}

    def rejected(content: Any, code: str, **scope: Any) -> None:
>       with pytest.raises(ValueError) as caught:
             ^^^^^^^^^^^^^^^^^^^^^^^^^
E       Failed: DID NOT RAISE ValueError

tests\candidates\test_review_output.py:51: Failed
__________ test_free_text_rejects_disallowed_c0_controls[27-trigger] __________

field = 'trigger', codepoint = 27

    @pytest.mark.parametrize("field", ["behavior", "trigger"])
    @pytest.mark.parametrize("codepoint", [i for i in range(32) if i not in (9, 10, 13)])
    def test_free_text_rejects_disallowed_c0_controls(field: str, codepoint: int) -> None:
>       rejected(wire(finding(**{field: "x" + chr(codepoint)})), "SCHEMA_INVALID")

tests\candidates\test_review_output.py:166: 
_ _ _ _ _ _ _ _ _ _ _ _ _ _ _ _ _ _ _ _ _ _ _ _ _ _ _ _ _ _ _ _ _ _ _ _ _ _ _ _

content = '{"verdict": "changes_requested", "findings": [{"severity": "high", "file": "src/export.py", "line": 27, "behavior": "�ս��û�������׼�ı�ͷ", "trigger": "x\\u001b", "acceptance_ref": "acceptance:csv-v1", "blocking": true}]}'
code = 'SCHEMA_INVALID', scope = {}

    def rejected(content: Any, code: str, **scope: Any) -> None:
>       with pytest.raises(ValueError) as caught:
             ^^^^^^^^^^^^^^^^^^^^^^^^^
E       Failed: DID NOT RAISE ValueError

tests\candidates\test_review_output.py:51: Failed
_________ test_free_text_rejects_disallowed_c0_controls[28-behavior] __________

field = 'behavior', codepoint = 28

    @pytest.mark.parametrize("field", ["behavior", "trigger"])
    @pytest.mark.parametrize("codepoint", [i for i in range(32) if i not in (9, 10, 13)])
    def test_free_text_rejects_disallowed_c0_controls(field: str, codepoint: int) -> None:
>       rejected(wire(finding(**{field: "x" + chr(codepoint)})), "SCHEMA_INVALID")

tests\candidates\test_review_output.py:166: 
_ _ _ _ _ _ _ _ _ _ _ _ _ _ _ _ _ _ _ _ _ _ _ _ _ _ _ _ _ _ _ _ _ _ _ _ _ _ _ _

content = '{"verdict": "changes_requested", "findings": [{"severity": "high", "file": "src/export.py", "line": 27, "behavior": "x\\u001c", "trigger": "��ѯû��ƥ����ʱ���õ���", "acceptance_ref": "acceptance:csv-v1", "blocking": true}]}'
code = 'SCHEMA_INVALID', scope = {}

    def rejected(content: Any, code: str, **scope: Any) -> None:
>       with pytest.raises(ValueError) as caught:
             ^^^^^^^^^^^^^^^^^^^^^^^^^
E       Failed: DID NOT RAISE ValueError

tests\candidates\test_review_output.py:51: Failed
__________ test_free_text_rejects_disallowed_c0_controls[28-trigger] __________

field = 'trigger', codepoint = 28

    @pytest.mark.parametrize("field", ["behavior", "trigger"])
    @pytest.mark.parametrize("codepoint", [i for i in range(32) if i not in (9, 10, 13)])
    def test_free_text_rejects_disallowed_c0_controls(field: str, codepoint: int) -> None:
>       rejected(wire(finding(**{field: "x" + chr(codepoint)})), "SCHEMA_INVALID")

tests\candidates\test_review_output.py:166: 
_ _ _ _ _ _ _ _ _ _ _ _ _ _ _ _ _ _ _ _ _ _ _ _ _ _ _ _ _ _ _ _ _ _ _ _ _ _ _ _

content = '{"verdict": "changes_requested", "findings": [{"severity": "high", "file": "src/export.py", "line": 27, "behavior": "�ս��û�������׼�ı�ͷ", "trigger": "x\\u001c", "acceptance_ref": "acceptance:csv-v1", "blocking": true}]}'
code = 'SCHEMA_INVALID', scope = {}

    def rejected(content: Any, code: str, **scope: Any) -> None:
>       with pytest.raises(ValueError) as caught:
             ^^^^^^^^^^^^^^^^^^^^^^^^^
E       Failed: DID NOT RAISE ValueError

tests\candidates\test_review_output.py:51: Failed
_________ test_free_text_rejects_disallowed_c0_controls[29-behavior] __________

field = 'behavior', codepoint = 29

    @pytest.mark.parametrize("field", ["behavior", "trigger"])
    @pytest.mark.parametrize("codepoint", [i for i in range(32) if i not in (9, 10, 13)])
    def test_free_text_rejects_disallowed_c0_controls(field: str, codepoint: int) -> None:
>       rejected(wire(finding(**{field: "x" + chr(codepoint)})), "SCHEMA_INVALID")

tests\candidates\test_review_output.py:166: 
_ _ _ _ _ _ _ _ _ _ _ _ _ _ _ _ _ _ _ _ _ _ _ _ _ _ _ _ _ _ _ _ _ _ _ _ _ _ _ _

content = '{"verdict": "changes_requested", "findings": [{"severity": "high", "file": "src/export.py", "line": 27, "behavior": "x\\u001d", "trigger": "��ѯû��ƥ����ʱ���õ���", "acceptance_ref": "acceptance:csv-v1", "blocking": true}]}'
code = 'SCHEMA_INVALID', scope = {}

    def rejected(content: Any, code: str, **scope: Any) -> None:
>       with pytest.raises(ValueError) as caught:
             ^^^^^^^^^^^^^^^^^^^^^^^^^
E       Failed: DID NOT RAISE ValueError

tests\candidates\test_review_output.py:51: Failed
__________ test_free_text_rejects_disallowed_c0_controls[29-trigger] __________

field = 'trigger', codepoint = 29

    @pytest.mark.parametrize("field", ["behavior", "trigger"])
    @pytest.mark.parametrize("codepoint", [i for i in range(32) if i not in (9, 10, 13)])
    def test_free_text_rejects_disallowed_c0_controls(field: str, codepoint: int) -> None:
>       rejected(wire(finding(**{field: "x" + chr(codepoint)})), "SCHEMA_INVALID")

tests\candidates\test_review_output.py:166: 
_ _ _ _ _ _ _ _ _ _ _ _ _ _ _ _ _ _ _ _ _ _ _ _ _ _ _ _ _ _ _ _ _ _ _ _ _ _ _ _

content = '{"verdict": "changes_requested", "findings": [{"severity": "high", "file": "src/export.py", "line": 27, "behavior": "�ս��û�������׼�ı�ͷ", "trigger": "x\\u001d", "acceptance_ref": "acceptance:csv-v1", "blocking": true}]}'
code = 'SCHEMA_INVALID', scope = {}

    def rejected(content: Any, code: str, **scope: Any) -> None:
>       with pytest.raises(ValueError) as caught:
             ^^^^^^^^^^^^^^^^^^^^^^^^^
E       Failed: DID NOT RAISE ValueError

tests\candidates\test_review_output.py:51: Failed
_________ test_free_text_rejects_disallowed_c0_controls[30-behavior] __________

field = 'behavior', codepoint = 30

    @pytest.mark.parametrize("field", ["behavior", "trigger"])
    @pytest.mark.parametrize("codepoint", [i for i in range(32) if i not in (9, 10, 13)])
    def test_free_text_rejects_disallowed_c0_controls(field: str, codepoint: int) -> None:
>       rejected(wire(finding(**{field: "x" + chr(codepoint)})), "SCHEMA_INVALID")

tests\candidates\test_review_output.py:166: 
_ _ _ _ _ _ _ _ _ _ _ _ _ _ _ _ _ _ _ _ _ _ _ _ _ _ _ _ _ _ _ _ _ _ _ _ _ _ _ _

content = '{"verdict": "changes_requested", "findings": [{"severity": "high", "file": "src/export.py", "line": 27, "behavior": "x\\u001e", "trigger": "��ѯû��ƥ����ʱ���õ���", "acceptance_ref": "acceptance:csv-v1", "blocking": true}]}'
code = 'SCHEMA_INVALID', scope = {}

    def rejected(content: Any, code: str, **scope: Any) -> None:
>       with pytest.raises(ValueError) as caught:
             ^^^^^^^^^^^^^^^^^^^^^^^^^
E       Failed: DID NOT RAISE ValueError

tests\candidates\test_review_output.py:51: Failed
__________ test_free_text_rejects_disallowed_c0_controls[30-trigger] __________

field = 'trigger', codepoint = 30

    @pytest.mark.parametrize("field", ["behavior", "trigger"])
    @pytest.mark.parametrize("codepoint", [i for i in range(32) if i not in (9, 10, 13)])
    def test_free_text_rejects_disallowed_c0_controls(field: str, codepoint: int) -> None:
>       rejected(wire(finding(**{field: "x" + chr(codepoint)})), "SCHEMA_INVALID")

tests\candidates\test_review_output.py:166: 
_ _ _ _ _ _ _ _ _ _ _ _ _ _ _ _ _ _ _ _ _ _ _ _ _ _ _ _ _ _ _ _ _ _ _ _ _ _ _ _

content = '{"verdict": "changes_requested", "findings": [{"severity": "high", "file": "src/export.py", "line": 27, "behavior": "�ս��û�������׼�ı�ͷ", "trigger": "x\\u001e", "acceptance_ref": "acceptance:csv-v1", "blocking": true}]}'
code = 'SCHEMA_INVALID', scope = {}

    def rejected(content: Any, code: str, **scope: Any) -> None:
>       with pytest.raises(ValueError) as caught:
             ^^^^^^^^^^^^^^^^^^^^^^^^^
E       Failed: DID NOT RAISE ValueError

tests\candidates\test_review_output.py:51: Failed
_________ test_free_text_rejects_disallowed_c0_controls[31-behavior] __________

field = 'behavior', codepoint = 31

    @pytest.mark.parametrize("field", ["behavior", "trigger"])
    @pytest.mark.parametrize("codepoint", [i for i in range(32) if i not in (9, 10, 13)])
    def test_free_text_rejects_disallowed_c0_controls(field: str, codepoint: int) -> None:
>       rejected(wire(finding(**{field: "x" + chr(codepoint)})), "SCHEMA_INVALID")

tests\candidates\test_review_output.py:166: 
_ _ _ _ _ _ _ _ _ _ _ _ _ _ _ _ _ _ _ _ _ _ _ _ _ _ _ _ _ _ _ _ _ _ _ _ _ _ _ _

content = '{"verdict": "changes_requested", "findings": [{"severity": "high", "file": "src/export.py", "line": 27, "behavior": "x\\u001f", "trigger": "��ѯû��ƥ����ʱ���õ���", "acceptance_ref": "acceptance:csv-v1", "blocking": true}]}'
code = 'SCHEMA_INVALID', scope = {}

    def rejected(content: Any, code: str, **scope: Any) -> None:
>       with pytest.raises(ValueError) as caught:
             ^^^^^^^^^^^^^^^^^^^^^^^^^
E       Failed: DID NOT RAISE ValueError

tests\candidates\test_review_output.py:51: Failed
__________ test_free_text_rejects_disallowed_c0_controls[31-trigger] __________

field = 'trigger', codepoint = 31

    @pytest.mark.parametrize("field", ["behavior", "trigger"])
    @pytest.mark.parametrize("codepoint", [i for i in range(32) if i not in (9, 10, 13)])
    def test_free_text_rejects_disallowed_c0_controls(field: str, codepoint: int) -> None:
>       rejected(wire(finding(**{field: "x" + chr(codepoint)})), "SCHEMA_INVALID")

tests\candidates\test_review_output.py:166: 
_ _ _ _ _ _ _ _ _ _ _ _ _ _ _ _ _ _ _ _ _ _ _ _ _ _ _ _ _ _ _ _ _ _ _ _ _ _ _ _

content = '{"verdict": "changes_requested", "findings": [{"severity": "high", "file": "src/export.py", "line": 27, "behavior": "�ս��û�������׼�ı�ͷ", "trigger": "x\\u001f", "acceptance_ref": "acceptance:csv-v1", "blocking": true}]}'
code = 'SCHEMA_INVALID', scope = {}

    def rejected(content: Any, code: str, **scope: Any) -> None:
>       with pytest.raises(ValueError) as caught:
             ^^^^^^^^^^^^^^^^^^^^^^^^^
E       Failed: DID NOT RAISE ValueError

tests\candidates\test_review_output.py:51: Failed
_________ test_description_limits_count_decoded_codepoints[behavior] __________

field = 'behavior'

    @pytest.mark.parametrize("field", ["behavior", "trigger"])
    def test_description_limits_count_decoded_codepoints(field: str) -> None:
        item = finding(**{field: "\U0001f63a" * 2048})
        assert parse(wire(item)).findings[0].model_dump() == item
>       rejected(wire(finding(**{field: "\U0001f63a" * 2049})), "LIMIT_EXCEEDED")

tests\candidates\test_review_output.py:173: 
_ _ _ _ _ _ _ _ _ _ _ _ _ _ _ _ _ _ _ _ _ _ _ _ _ _ _ _ _ _ _ _ _ _ _ _ _ _ _ _

content = '{"verdict": "changes_requested", "findings": [{"severity": "high", "file": "src/export.py", "line": 27, "behavior": "...\U0001f63a\U0001f63a\U0001f63a\U0001f63a\U0001f63a\U0001f63a\U0001f63a\U0001f63a\U0001f63a\U0001f63a\U0001f63a\U0001f63a\U0001f63a\U0001f63a\U0001f63a\U0001f63a\U0001f63a\U0001f63a\U0001f63a\U0001f63a\U0001f63a\U0001f63a\U0001f63a\U0001f63a\U0001f63a\U0001f63a\U0001f63a\U0001f63a\U0001f63a\U0001f63a", "trigger": "\u67e5\u8be2\u6ca1\u6709\u5339\u914d\u884c\u65f6\u8c03\u7528\u5bfc\u51fa", "acceptance_ref": "acceptance:csv-v1", "blocking": true}]}'
code = 'LIMIT_EXCEEDED', scope = {}

    def rejected(content: Any, code: str, **scope: Any) -> None:
>       with pytest.raises(ValueError) as caught:
             ^^^^^^^^^^^^^^^^^^^^^^^^^
E       Failed: DID NOT RAISE ValueError

tests\candidates\test_review_output.py:51: Failed
__________ test_description_limits_count_decoded_codepoints[trigger] __________

field = 'trigger'

    @pytest.mark.parametrize("field", ["behavior", "trigger"])
    def test_description_limits_count_decoded_codepoints(field: str) -> None:
        item = finding(**{field: "\U0001f63a" * 2048})
        assert parse(wire(item)).findings[0].model_dump() == item
>       rejected(wire(finding(**{field: "\U0001f63a" * 2049})), "LIMIT_EXCEEDED")

tests\candidates\test_review_output.py:173: 
_ _ _ _ _ _ _ _ _ _ _ _ _ _ _ _ _ _ _ _ _ _ _ _ _ _ _ _ _ _ _ _ _ _ _ _ _ _ _ _

content = '{"verdict": "changes_requested", "findings": [{"severity": "high", "file": "src/export.py", "line": 27, "behavior": "...\U0001f63a\U0001f63a\U0001f63a\U0001f63a\U0001f63a\U0001f63a\U0001f63a\U0001f63a\U0001f63a\U0001f63a\U0001f63a\U0001f63a\U0001f63a\U0001f63a\U0001f63a\U0001f63a\U0001f63a\U0001f63a\U0001f63a\U0001f63a\U0001f63a\U0001f63a\U0001f63a\U0001f63a\U0001f63a\U0001f63a\U0001f63a\U0001f63a\U0001f63a\U0001f63a\U0001f63a\U0001f63a\U0001f63a\U0001f63a\U0001f63a\U0001f63a\U0001f63a\U0001f63a\U0001f63a\U0001f63a\U0001f63a\U0001f63a\U0001f63a\U0001f63a\U0001f63a\U0001f63a\U0001f63a\U0001f63a\U0001f63a\U0001f63a\U0001f63a\U0001f63a\U0001f63a\U0001f63a\U0001f63a\U0001f63a\U0001f63a", "acceptance_ref": "acceptance:csv-v1", "blocking": true}]}'
code = 'LIMIT_EXCEEDED', scope = {}

    def rejected(content: Any, code: str, **scope: Any) -> None:
>       with pytest.raises(ValueError) as caught:
             ^^^^^^^^^^^^^^^^^^^^^^^^^
E       Failed: DID NOT RAISE ValueError

tests\candidates\test_review_output.py:51: Failed
____________ test_line_has_a_bounded_strict_integer_representation ____________

    def test_line_has_a_bounded_strict_integer_representation() -> None:
        assert parse(wire(finding(line=2_147_483_647))).findings[0].line == 2_147_483_647
>       rejected(wire(finding(line=2_147_483_648)), "LIMIT_EXCEEDED")

tests\candidates\test_review_output.py:178: 
_ _ _ _ _ _ _ _ _ _ _ _ _ _ _ _ _ _ _ _ _ _ _ _ _ _ _ _ _ _ _ _ _ _ _ _ _ _ _ _

content = '{"verdict": "changes_requested", "findings": [{"severity": "high", "file": "src/export.py", "line": 2147483648, "behavior": "�ս��û�������׼�ı�ͷ", "trigger": "��ѯû��ƥ����ʱ���õ���", "acceptance_ref": "acceptance:csv-v1", "blocking": true}]}'
code = 'LIMIT_EXCEEDED', scope = {}

    def rejected(content: Any, code: str, **scope: Any) -> None:
>       with pytest.raises(ValueError) as caught:
             ^^^^^^^^^^^^^^^^^^^^^^^^^
E       Failed: DID NOT RAISE ValueError

tests\candidates\test_review_output.py:51: Failed
_________________ test_findings_limit_rejects_whole_response __________________

    def test_findings_limit_rejects_whole_response() -> None:
        items = [finding(behavior=f"Problem {index}") for index in range(32)]
        assert [f.behavior for f in parse(wire(*items)).findings] == [
            f"Problem {index}" for index in range(32)
        ]
>       rejected(wire(*items, finding()), "LIMIT_EXCEEDED")

tests\candidates\test_review_output.py:186: 
_ _ _ _ _ _ _ _ _ _ _ _ _ _ _ _ _ _ _ _ _ _ _ _ _ _ _ _ _ _ _ _ _ _ _ _ _ _ _ _

content = '{"verdict": "changes_requested", "findings": [{"severity": "high", "file": "src/export.py", "line": 27, "behavior": "... 27, "behavior": "�ս��û�������׼�ı�ͷ", "trigger": "��ѯû��ƥ����ʱ���õ���", "acceptance_ref": "acceptance:csv-v1", "blocking": true}]}'
code = 'LIMIT_EXCEEDED', scope = {}

    def rejected(content: Any, code: str, **scope: Any) -> None:
>       with pytest.raises(ValueError) as caught:
             ^^^^^^^^^^^^^^^^^^^^^^^^^
E       Failed: DID NOT RAISE ValueError

tests\candidates\test_review_output.py:51: Failed
______ test_reference_length_limits_precede_identifier_schema[file-4096] ______

field = 'file', limit = 4096

    @pytest.mark.parametrize(("field", "limit"), [("file", 4096), ("acceptance_ref", 256)])
    def test_reference_length_limits_precede_identifier_schema(field: str, limit: int) -> None:
        item = finding(**{field: "a" * limit})
        scope = {"allowed_files" if field == "file" else "allowed_acceptance_refs":
                 frozenset({"a" * limit})}
        assert parse(wire(item), **scope).findings[0].model_dump() == item
>       rejected(wire(finding(**{field: "a" * (limit + 1)})), "LIMIT_EXCEEDED")

tests\candidates\test_review_output.py:206: 
_ _ _ _ _ _ _ _ _ _ _ _ _ _ _ _ _ _ _ _ _ _ _ _ _ _ _ _ _ _ _ _ _ _ _ _ _ _ _ _

content = '{"verdict": "changes_requested", "findings": [{"severity": "high", "file": "aaaaaaaaaaaaaaaaaaaaaaaaaaaaaaaaaaaaaaaaa... 27, "behavior": "�ս��û�������׼�ı�ͷ", "trigger": "��ѯû��ƥ����ʱ���õ���", "acceptance_ref": "acceptance:csv-v1", "blocking": true}]}'
code = 'LIMIT_EXCEEDED', scope = {}

    def rejected(content: Any, code: str, **scope: Any) -> None:
>       with pytest.raises(ValueError) as caught:
             ^^^^^^^^^^^^^^^^^^^^^^^^^
E       Failed: DID NOT RAISE ValueError

tests\candidates\test_review_output.py:51: Failed
_ test_reference_length_limits_precede_identifier_schema[acceptance_ref-256] __

field = 'acceptance_ref', limit = 256

    @pytest.mark.parametrize(("field", "limit"), [("file", 4096), ("acceptance_ref", 256)])
    def test_reference_length_limits_precede_identifier_schema(field: str, limit: int) -> None:
        item = finding(**{field: "a" * limit})
        scope = {"allowed_files" if field == "file" else "allowed_acceptance_refs":
                 frozenset({"a" * limit})}
        assert parse(wire(item), **scope).findings[0].model_dump() == item
>       rejected(wire(finding(**{field: "a" * (limit + 1)})), "LIMIT_EXCEEDED")

tests\candidates\test_review_output.py:206: 
_ _ _ _ _ _ _ _ _ _ _ _ _ _ _ _ _ _ _ _ _ _ _ _ _ _ _ _ _ _ _ _ _ _ _ _ _ _ _ _

content = '{"verdict": "changes_requested", "findings": [{"severity": "high", "file": "src/export.py", "line": 27, "behavior": "...aaaaaaaaaaaaaaaaaaaaaaaaaaaaaaaaaaaaaaaaaaaaaaaaaaaaaaaaaaaaaaaaaaaaaaaaaaaaaaaaaaaaaaaaaaaaaaaa", "blocking": true}]}'
code = 'LIMIT_EXCEEDED', scope = {}

    def rejected(content: Any, code: str, **scope: Any) -> None:
        with pytest.raises(ValueError) as caught:
            parse(content, **scope)
>       assert getattr(caught.value, "code", None) == "REVIEW_OUTPUT_" + code
E       AssertionError: assert None == ('REVIEW_OUTPUT_' + 'LIMIT_EXCEEDED')
E        +  where None = getattr(1 validation error for ParsedReviewOutput\nfindings.0.acceptance_ref\n  String should have at most 256 characters [type=...aaaaaaaaaaaaaaaa', input_type=str]\n    For further information visit https://errors.pydantic.dev/2.13/v/string_too_long, 'code', None)
E        +    where 1 validation error for ParsedReviewOutput\nfindings.0.acceptance_ref\n  String should have at most 256 characters [type=...aaaaaaaaaaaaaaaa', input_type=str]\n    For further information visit https://errors.pydantic.dev/2.13/v/string_too_long = <ExceptionInfo 1 validation error for ParsedReviewOutput\nfindings.0.acceptance_ref\n  String should have at most 256 ch...aaaaaaa', input_type=str]\n    For further information visit https://errors.pydantic.dev/2.13/v/string_too_long tblen=4>.value

tests\candidates\test_review_output.py:53: AssertionError
_____________ test_pass_cannot_hide_a_blocker_at_any_position[0] ______________

position = 0

    @pytest.mark.parametrize("position", [0, 15, 31])
    def test_pass_cannot_hide_a_blocker_at_any_position(position: int) -> None:
        items = [finding(blocking=False) for _ in range(32)]
        items[position]["blocking"] = True
>       rejected(wire(*items, verdict="pass"), "VERDICT_CONFLICT")

tests\candidates\test_review_output.py:213: 
_ _ _ _ _ _ _ _ _ _ _ _ _ _ _ _ _ _ _ _ _ _ _ _ _ _ _ _ _ _ _ _ _ _ _ _ _ _ _ _

content = '{"verdict": "pass", "findings": [{"severity": "high", "file": "src/export.py", "line": 27, "behavior": "�ս��û�������׼�ı�ͷ"...27, "behavior": "�ս��û�������׼�ı�ͷ", "trigger": "��ѯû��ƥ����ʱ���õ���", "acceptance_ref": "acceptance:csv-v1", "blocking": false}]}'
code = 'VERDICT_CONFLICT', scope = {}

    def rejected(content: Any, code: str, **scope: Any) -> None:
>       with pytest.raises(ValueError) as caught:
             ^^^^^^^^^^^^^^^^^^^^^^^^^
E       Failed: DID NOT RAISE ValueError

tests\candidates\test_review_output.py:51: Failed
_____________ test_pass_cannot_hide_a_blocker_at_any_position[15] _____________

position = 15

    @pytest.mark.parametrize("position", [0, 15, 31])
    def test_pass_cannot_hide_a_blocker_at_any_position(position: int) -> None:
        items = [finding(blocking=False) for _ in range(32)]
        items[position]["blocking"] = True
>       rejected(wire(*items, verdict="pass"), "VERDICT_CONFLICT")

tests\candidates\test_review_output.py:213: 
_ _ _ _ _ _ _ _ _ _ _ _ _ _ _ _ _ _ _ _ _ _ _ _ _ _ _ _ _ _ _ _ _ _ _ _ _ _ _ _

content = '{"verdict": "pass", "findings": [{"severity": "high", "file": "src/export.py", "line": 27, "behavior": "�ս��û�������׼�ı�ͷ"...27, "behavior": "�ս��û�������׼�ı�ͷ", "trigger": "��ѯû��ƥ����ʱ���õ���", "acceptance_ref": "acceptance:csv-v1", "blocking": false}]}'
code = 'VERDICT_CONFLICT', scope = {}

    def rejected(content: Any, code: str, **scope: Any) -> None:
>       with pytest.raises(ValueError) as caught:
             ^^^^^^^^^^^^^^^^^^^^^^^^^
E       Failed: DID NOT RAISE ValueError

tests\candidates\test_review_output.py:51: Failed
_____________ test_pass_cannot_hide_a_blocker_at_any_position[31] _____________

position = 31

    @pytest.mark.parametrize("position", [0, 15, 31])
    def test_pass_cannot_hide_a_blocker_at_any_position(position: int) -> None:
        items = [finding(blocking=False) for _ in range(32)]
        items[position]["blocking"] = True
>       rejected(wire(*items, verdict="pass"), "VERDICT_CONFLICT")

tests\candidates\test_review_output.py:213: 
_ _ _ _ _ _ _ _ _ _ _ _ _ _ _ _ _ _ _ _ _ _ _ _ _ _ _ _ _ _ _ _ _ _ _ _ _ _ _ _

content = '{"verdict": "pass", "findings": [{"severity": "high", "file": "src/export.py", "line": 27, "behavior": "�ս��û�������׼�ı�ͷ"... 27, "behavior": "�ս��û�������׼�ı�ͷ", "trigger": "��ѯû��ƥ����ʱ���õ���", "acceptance_ref": "acceptance:csv-v1", "blocking": true}]}'
code = 'VERDICT_CONFLICT', scope = {}

    def rejected(content: Any, code: str, **scope: Any) -> None:
>       with pytest.raises(ValueError) as caught:
             ^^^^^^^^^^^^^^^^^^^^^^^^^
E       Failed: DID NOT RAISE ValueError

tests\candidates\test_review_output.py:51: Failed
_ test_field_shapes_precede_limits_and_typed_limits_precede_reference_syntax __

    def test_field_shapes_precede_limits_and_typed_limits_precede_reference_syntax() -> None:
        # Each pair separates the final spec's precedence; the overlong ID must not be
        # swallowed by Finding's existing Identifier validator.
>       rejected(wire(finding(behavior="x" * 2049, line=True)), "SCHEMA_INVALID")

tests\candidates\test_review_output.py:225: 
_ _ _ _ _ _ _ _ _ _ _ _ _ _ _ _ _ _ _ _ _ _ _ _ _ _ _ _ _ _ _ _ _ _ _ _ _ _ _ _

content = '{"verdict": "changes_requested", "findings": [{"severity": "high", "file": "src/export.py", "line": true, "behavior":...xxxxxxxxxxxxxxxxxxxxxxxxxxxxxx", "trigger": "��ѯû��ƥ����ʱ���õ���", "acceptance_ref": "acceptance:csv-v1", "blocking": true}]}'
code = 'SCHEMA_INVALID', scope = {}

    def rejected(content: Any, code: str, **scope: Any) -> None:
        with pytest.raises(ValueError) as caught:
            parse(content, **scope)
>       assert getattr(caught.value, "code", None) == "REVIEW_OUTPUT_" + code
E       AssertionError: assert None == ('REVIEW_OUTPUT_' + 'SCHEMA_INVALID')
E        +  where None = getattr(1 validation error for ParsedReviewOutput\nfindings.0.line\n  Input should be a valid integer [type=int_type, input_value=True, input_type=bool]\n    For further information visit https://errors.pydantic.dev/2.13/v/int_type, 'code', None)
E        +    where 1 validation error for ParsedReviewOutput\nfindings.0.line\n  Input should be a valid integer [type=int_type, input_value=True, input_type=bool]\n    For further information visit https://errors.pydantic.dev/2.13/v/int_type = <ExceptionInfo 1 validation error for ParsedReviewOutput\nfindings.0.line\n  Input should be a valid integer [type=int_t...put_value=True, input_type=bool]\n    For further information visit https://errors.pydantic.dev/2.13/v/int_type tblen=4>.value

tests\candidates\test_review_output.py:53: AssertionError
- generated xml file: C:\Users\Chooo\Playground\Karajan\.cache\review-output-parser\.cache\review-parser-author\fields-red.xml -
=========================== short test summary info ===========================
FAILED tests/candidates/test_review_output.py::test_requires_exact_top_and_finding_shapes[None]
FAILED tests/candidates/test_review_output.py::test_requires_exact_top_and_finding_shapes[document1]
FAILED tests/candidates/test_review_output.py::test_requires_exact_top_and_finding_shapes[True]
FAILED tests/candidates/test_review_output.py::test_requires_exact_top_and_finding_shapes[1]
FAILED tests/candidates/test_review_output.py::test_requires_exact_top_and_finding_shapes[text]
FAILED tests/candidates/test_review_output.py::test_requires_exact_top_and_finding_shapes[document5]
FAILED tests/candidates/test_review_output.py::test_requires_exact_top_and_finding_shapes[document6]
FAILED tests/candidates/test_review_output.py::test_requires_exact_top_and_finding_shapes[document7]
FAILED tests/candidates/test_review_output.py::test_requires_exact_top_and_finding_shapes[document8]
FAILED tests/candidates/test_review_output.py::test_requires_exact_top_and_finding_shapes[document9]
FAILED tests/candidates/test_review_output.py::test_requires_exact_top_and_finding_shapes[document10]
FAILED tests/candidates/test_review_output.py::test_requires_exact_top_and_finding_shapes[document11]
FAILED tests/candidates/test_review_output.py::test_requires_exact_top_and_finding_shapes[document12]
FAILED tests/candidates/test_review_output.py::test_requires_exact_top_and_finding_shapes[document13]
FAILED tests/candidates/test_review_output.py::test_requires_exact_top_and_finding_shapes[document14]
FAILED tests/candidates/test_review_output.py::test_requires_exact_top_and_finding_shapes[document15]
FAILED tests/candidates/test_review_output.py::test_requires_exact_top_and_finding_shapes[document16]
FAILED tests/candidates/test_review_output.py::test_requires_exact_top_and_finding_shapes[document17]
FAILED tests/candidates/test_review_output.py::test_rejects_other_wire_verdicts[passed]
FAILED tests/candidates/test_review_output.py::test_rejects_other_wire_verdicts[failed]
FAILED tests/candidates/test_review_output.py::test_rejects_other_wire_verdicts[PASS]
FAILED tests/candidates/test_review_output.py::test_rejects_other_wire_verdicts[unknown]
FAILED tests/candidates/test_review_output.py::test_rejects_other_wire_verdicts[ pass]
FAILED tests/candidates/test_review_output.py::test_rejects_other_wire_verdicts[]
FAILED tests/candidates/test_review_output.py::test_every_finding_field_is_required[severity]
FAILED tests/candidates/test_review_output.py::test_every_finding_field_is_required[file]
FAILED tests/candidates/test_review_output.py::test_every_finding_field_is_required[line]
FAILED tests/candidates/test_review_output.py::test_every_finding_field_is_required[behavior]
FAILED tests/candidates/test_review_output.py::test_every_finding_field_is_required[trigger]
FAILED tests/candidates/test_review_output.py::test_every_finding_field_is_required[acceptance_ref]
FAILED tests/candidates/test_review_output.py::test_every_finding_field_is_required[blocking]
FAILED tests/candidates/test_review_output.py::test_finding_types_and_existing_enums_are_strict[severity-HIGH]
FAILED tests/candidates/test_review_output.py::test_finding_types_and_existing_enums_are_strict[severity-info]
FAILED tests/candidates/test_review_output.py::test_finding_types_and_existing_enums_are_strict[severity-None]
FAILED tests/candidates/test_review_output.py::test_finding_types_and_existing_enums_are_strict[file-None]
FAILED tests/candidates/test_review_output.py::test_finding_types_and_existing_enums_are_strict[file-1]
FAILED tests/candidates/test_review_output.py::test_finding_types_and_existing_enums_are_strict[acceptance_ref-False]
FAILED tests/candidates/test_review_output.py::test_finding_types_and_existing_enums_are_strict[line-True]
FAILED tests/candidates/test_review_output.py::test_finding_types_and_existing_enums_are_strict[line-False]
FAILED tests/candidates/test_review_output.py::test_finding_types_and_existing_enums_are_strict[line-1.0]
FAILED tests/candidates/test_review_output.py::test_finding_types_and_existing_enums_are_strict[line-1]
FAILED tests/candidates/test_review_output.py::test_finding_types_and_existing_enums_are_strict[line-None]
FAILED tests/candidates/test_review_output.py::test_finding_types_and_existing_enums_are_strict[line-0]
FAILED tests/candidates/test_review_output.py::test_finding_types_and_existing_enums_are_strict[line--1]
FAILED tests/candidates/test_review_output.py::test_finding_types_and_existing_enums_are_strict[blocking-0]
FAILED tests/candidates/test_review_output.py::test_finding_types_and_existing_enums_are_strict[blocking-1]
FAILED tests/candidates/test_review_output.py::test_finding_types_and_existing_enums_are_strict[blocking-false]
FAILED tests/candidates/test_review_output.py::test_finding_types_and_existing_enums_are_strict[blocking-None]
FAILED tests/candidates/test_review_output.py::test_finding_types_and_existing_enums_are_strict[behavior-None]
FAILED tests/candidates/test_review_output.py::test_finding_types_and_existing_enums_are_strict[behavior-0]
FAILED tests/candidates/test_review_output.py::test_finding_types_and_existing_enums_are_strict[behavior-]
FAILED tests/candidates/test_review_output.py::test_finding_types_and_existing_enums_are_strict[behavior- \n\t\r]
FAILED tests/candidates/test_review_output.py::test_finding_types_and_existing_enums_are_strict[trigger-None]
FAILED tests/candidates/test_review_output.py::test_finding_types_and_existing_enums_are_strict[trigger-False]
FAILED tests/candidates/test_review_output.py::test_finding_types_and_existing_enums_are_strict[trigger-]
FAILED tests/candidates/test_review_output.py::test_finding_types_and_existing_enums_are_strict[trigger-\u2003]
FAILED tests/candidates/test_review_output.py::test_free_text_rejects_disallowed_c0_controls[0-behavior]
FAILED tests/candidates/test_review_output.py::test_free_text_rejects_disallowed_c0_controls[0-trigger]
FAILED tests/candidates/test_review_output.py::test_free_text_rejects_disallowed_c0_controls[1-behavior]
FAILED tests/candidates/test_review_output.py::test_free_text_rejects_disallowed_c0_controls[1-trigger]
FAILED tests/candidates/test_review_output.py::test_free_text_rejects_disallowed_c0_controls[2-behavior]
FAILED tests/candidates/test_review_output.py::test_free_text_rejects_disallowed_c0_controls[2-trigger]
FAILED tests/candidates/test_review_output.py::test_free_text_rejects_disallowed_c0_controls[3-behavior]
FAILED tests/candidates/test_review_output.py::test_free_text_rejects_disallowed_c0_controls[3-trigger]
FAILED tests/candidates/test_review_output.py::test_free_text_rejects_disallowed_c0_controls[4-behavior]
FAILED tests/candidates/test_review_output.py::test_free_text_rejects_disallowed_c0_controls[4-trigger]
FAILED tests/candidates/test_review_output.py::test_free_text_rejects_disallowed_c0_controls[5-behavior]
FAILED tests/candidates/test_review_output.py::test_free_text_rejects_disallowed_c0_controls[5-trigger]
FAILED tests/candidates/test_review_output.py::test_free_text_rejects_disallowed_c0_controls[6-behavior]
FAILED tests/candidates/test_review_output.py::test_free_text_rejects_disallowed_c0_controls[6-trigger]
FAILED tests/candidates/test_review_output.py::test_free_text_rejects_disallowed_c0_controls[7-behavior]
FAILED tests/candidates/test_review_output.py::test_free_text_rejects_disallowed_c0_controls[7-trigger]
FAILED tests/candidates/test_review_output.py::test_free_text_rejects_disallowed_c0_controls[8-behavior]
FAILED tests/candidates/test_review_output.py::test_free_text_rejects_disallowed_c0_controls[8-trigger]
FAILED tests/candidates/test_review_output.py::test_free_text_rejects_disallowed_c0_controls[11-behavior]
FAILED tests/candidates/test_review_output.py::test_free_text_rejects_disallowed_c0_controls[11-trigger]
FAILED tests/candidates/test_review_output.py::test_free_text_rejects_disallowed_c0_controls[12-behavior]
FAILED tests/candidates/test_review_output.py::test_free_text_rejects_disallowed_c0_controls[12-trigger]
FAILED tests/candidates/test_review_output.py::test_free_text_rejects_disallowed_c0_controls[14-behavior]
FAILED tests/candidates/test_review_output.py::test_free_text_rejects_disallowed_c0_controls[14-trigger]
FAILED tests/candidates/test_review_output.py::test_free_text_rejects_disallowed_c0_controls[15-behavior]
FAILED tests/candidates/test_review_output.py::test_free_text_rejects_disallowed_c0_controls[15-trigger]
FAILED tests/candidates/test_review_output.py::test_free_text_rejects_disallowed_c0_controls[16-behavior]
FAILED tests/candidates/test_review_output.py::test_free_text_rejects_disallowed_c0_controls[16-trigger]
FAILED tests/candidates/test_review_output.py::test_free_text_rejects_disallowed_c0_controls[17-behavior]
FAILED tests/candidates/test_review_output.py::test_free_text_rejects_disallowed_c0_controls[17-trigger]
FAILED tests/candidates/test_review_output.py::test_free_text_rejects_disallowed_c0_controls[18-behavior]
FAILED tests/candidates/test_review_output.py::test_free_text_rejects_disallowed_c0_controls[18-trigger]
FAILED tests/candidates/test_review_output.py::test_free_text_rejects_disallowed_c0_controls[19-behavior]
FAILED tests/candidates/test_review_output.py::test_free_text_rejects_disallowed_c0_controls[19-trigger]
FAILED tests/candidates/test_review_output.py::test_free_text_rejects_disallowed_c0_controls[20-behavior]
FAILED tests/candidates/test_review_output.py::test_free_text_rejects_disallowed_c0_controls[20-trigger]
FAILED tests/candidates/test_review_output.py::test_free_text_rejects_disallowed_c0_controls[21-behavior]
FAILED tests/candidates/test_review_output.py::test_free_text_rejects_disallowed_c0_controls[21-trigger]
FAILED tests/candidates/test_review_output.py::test_free_text_rejects_disallowed_c0_controls[22-behavior]
FAILED tests/candidates/test_review_output.py::test_free_text_rejects_disallowed_c0_controls[22-trigger]
FAILED tests/candidates/test_review_output.py::test_free_text_rejects_disallowed_c0_controls[23-behavior]
FAILED tests/candidates/test_review_output.py::test_free_text_rejects_disallowed_c0_controls[23-trigger]
FAILED tests/candidates/test_review_output.py::test_free_text_rejects_disallowed_c0_controls[24-behavior]
FAILED tests/candidates/test_review_output.py::test_free_text_rejects_disallowed_c0_controls[24-trigger]
FAILED tests/candidates/test_review_output.py::test_free_text_rejects_disallowed_c0_controls[25-behavior]
FAILED tests/candidates/test_review_output.py::test_free_text_rejects_disallowed_c0_controls[25-trigger]
FAILED tests/candidates/test_review_output.py::test_free_text_rejects_disallowed_c0_controls[26-behavior]
FAILED tests/candidates/test_review_output.py::test_free_text_rejects_disallowed_c0_controls[26-trigger]
FAILED tests/candidates/test_review_output.py::test_free_text_rejects_disallowed_c0_controls[27-behavior]
FAILED tests/candidates/test_review_output.py::test_free_text_rejects_disallowed_c0_controls[27-trigger]
FAILED tests/candidates/test_review_output.py::test_free_text_rejects_disallowed_c0_controls[28-behavior]
FAILED tests/candidates/test_review_output.py::test_free_text_rejects_disallowed_c0_controls[28-trigger]
FAILED tests/candidates/test_review_output.py::test_free_text_rejects_disallowed_c0_controls[29-behavior]
FAILED tests/candidates/test_review_output.py::test_free_text_rejects_disallowed_c0_controls[29-trigger]
FAILED tests/candidates/test_review_output.py::test_free_text_rejects_disallowed_c0_controls[30-behavior]
FAILED tests/candidates/test_review_output.py::test_free_text_rejects_disallowed_c0_controls[30-trigger]
FAILED tests/candidates/test_review_output.py::test_free_text_rejects_disallowed_c0_controls[31-behavior]
FAILED tests/candidates/test_review_output.py::test_free_text_rejects_disallowed_c0_controls[31-trigger]
FAILED tests/candidates/test_review_output.py::test_description_limits_count_decoded_codepoints[behavior]
FAILED tests/candidates/test_review_output.py::test_description_limits_count_decoded_codepoints[trigger]
FAILED tests/candidates/test_review_output.py::test_line_has_a_bounded_strict_integer_representation
FAILED tests/candidates/test_review_output.py::test_findings_limit_rejects_whole_response
FAILED tests/candidates/test_review_output.py::test_reference_length_limits_precede_identifier_schema[file-4096]
FAILED tests/candidates/test_review_output.py::test_reference_length_limits_precede_identifier_schema[acceptance_ref-256]
FAILED tests/candidates/test_review_output.py::test_pass_cannot_hide_a_blocker_at_any_position[0]
FAILED tests/candidates/test_review_output.py::test_pass_cannot_hide_a_blocker_at_any_position[15]
FAILED tests/candidates/test_review_output.py::test_pass_cannot_hide_a_blocker_at_any_position[31]
FAILED tests/candidates/test_review_output.py::test_field_shapes_precede_limits_and_typed_limits_precede_reference_syntax
======================= 124 failed, 44 passed in 0.79s ========================
